batch_label,strategy_name,parent,family,group,side,timeframe,processed_symbols,trades,wins,losses,win_rate_pct,final_return_pct,max_return_pct,max_drawdown_pct,cd_value,legacy_equity_cd_value,official_pass_mdd_lt_5,verdict,description
8V7_AB_BEST_200_FROM_8V6_CANDIDATE,8V7_AB_BEST_I070_post_loss_brake_plb20,8V6_P2_CORE_BASE_I088_hybrid_cover_hyb18,core_base_from_8v6_best,post_loss_brake,long,5m,597,93,56,37,60.215054,1.165494,1.329032,0.212239,6.261968197,100.950782,True,official_mdd_pass,8V6 improvement from 8V6_P2_CORE_BASE_I088_hybrid_cover_hyb18; group=post_loss_brake; tag=plb20; focus=post-loss and symbol-dd brake without permanent entry starvation
8V7_AB_BEST_200_FROM_8V6_CANDIDATE,8V7_AB_BEST_I068_post_loss_brake_plb18,8V6_P2_CORE_BASE_I088_hybrid_cover_hyb18,core_base_from_8v6_best,post_loss_brake,long,5m,597,104,55,49,52.884615,1.045306,1.221286,0.215427,5.669132141,100.827626,True,official_mdd_pass,8V6 improvement from 8V6_P2_CORE_BASE_I088_hybrid_cover_hyb18; group=post_loss_brake; tag=plb18; focus=post-loss and symbol-dd brake without permanent entry starvation
8V7_AB_BEST_200_FROM_8V6_CANDIDATE,8V7_AB_BEST_I193_soft_safe_mix_ssm13,8V6_P2_CORE_BASE_I088_hybrid_cover_hyb18,core_base_from_8v6_best,soft_safe_mix,long,5m,597,96,49,47,51.041667,0.840378,0.903005,0.1729,5.222698544,100.666025,True,official_mdd_pass,"8V6 improvement from 8V6_P2_CORE_BASE_I088_hybrid_cover_hyb18; group=soft_safe_mix; tag=ssm13; focus=mix strict lowanchor shocklow as conditional safety, not full entry starvation"
8V7_AB_BEST_200_FROM_8V6_CANDIDATE,8V7_AB_BEST_I198_soft_safe_mix_ssm18,8V6_P2_CORE_BASE_I088_hybrid_cover_hyb18,core_base_from_8v6_best,soft_safe_mix,long,5m,597,68,39,29,57.352941,0.704276,0.778187,0.155048,5.018993562,100.548135,True,official_mdd_pass,"8V6 improvement from 8V6_P2_CORE_BASE_I088_hybrid_cover_hyb18; group=soft_safe_mix; tag=ssm18; focus=mix strict lowanchor shocklow as conditional safety, not full entry starvation"
8V7_AB_BEST_200_FROM_8V6_CANDIDATE,8V7_AB_BEST_I067_post_loss_brake_plb17,8V6_P2_CORE_BASE_I088_hybrid_cover_hyb18,core_base_from_8v6_best,post_loss_brake,long,5m,597,106,53,53,50.0,0.845652,1.044502,0.226002,4.621650603,100.617739,True,official_mdd_pass,8V6 improvement from 8V6_P2_CORE_BASE_I088_hybrid_cover_hyb18; group=post_loss_brake; tag=plb17; focus=post-loss and symbol-dd brake without permanent entry starvation
8V7_AB_BEST_200_FROM_8V6_CANDIDATE,8V7_AB_BEST_I188_soft_safe_mix_ssm08,8V6_P2_CORE_BASE_I088_hybrid_cover_hyb18,core_base_from_8v6_best,soft_safe_mix,long,5m,597,146,71,75,48.630137,1.22655,1.281951,0.286901,4.46826451,100.936129,True,official_mdd_pass,"8V6 improvement from 8V6_P2_CORE_BASE_I088_hybrid_cover_hyb18; group=soft_safe_mix; tag=ssm08; focus=mix strict lowanchor shocklow as conditional safety, not full entry starvation"
8V7_AB_BEST_200_FROM_8V6_CANDIDATE,8V7_AB_BEST_I095_post_loss_brake_plb45,8V6_P2_CORE_BASE_I088_hybrid_cover_hyb18,core_base_from_8v6_best,post_loss_brake,long,5m,597,135,72,63,53.333333,1.448357,1.835421,0.422596,4.343209635,101.019641,True,official_mdd_pass,8V6 improvement from 8V6_P2_CORE_BASE_I088_hybrid_cover_hyb18; group=post_loss_brake; tag=plb45; focus=post-loss and symbol-dd brake without permanent entry starvation
8V7_AB_BEST_200_FROM_8V6_CANDIDATE,8V7_AB_BEST_I066_post_loss_brake_plb16,8V6_P2_CORE_BASE_I088_hybrid_cover_hyb18,core_base_from_8v6_best,post_loss_brake,long,5m,597,173,71,102,41.040462,0.810089,1.019377,0.23575,4.323979661,100.572429,True,official_mdd_pass,8V6 improvement from 8V6_P2_CORE_BASE_I088_hybrid_cover_hyb18; group=post_loss_brake; tag=plb16; focus=post-loss and symbol-dd brake without permanent entry starvation
8V7_AB_BEST_200_FROM_8V6_CANDIDATE,8V7_AB_BEST_I069_post_loss_brake_plb19,8V6_P2_CORE_BASE_I088_hybrid_cover_hyb18,core_base_from_8v6_best,post_loss_brake,long,5m,597,93,51,42,54.83871,0.837028,1.046667,0.255783,4.092007601,100.579104,True,official_mdd_pass,8V6 improvement from 8V6_P2_CORE_BASE_I088_hybrid_cover_hyb18; group=post_loss_brake; tag=plb19; focus=post-loss and symbol-dd brake without permanent entry starvation
8V7_AB_BEST_200_FROM_8V6_CANDIDATE,8V7_AB_BEST_I094_post_loss_brake_plb44,8V6_P2_CORE_BASE_I088_hybrid_cover_hyb18,core_base_from_8v6_best,post_loss_brake,long,5m,597,197,94,103,47.715736,1.067505,1.38702,0.377181,3.677337079,100.686298,True,official_mdd_pass,8V6 improvement from 8V6_P2_CORE_BASE_I088_hybrid_cover_hyb18; group=post_loss_brake; tag=plb44; focus=post-loss and symbol-dd brake without permanent entry starvation
8V7_AB_BEST_200_FROM_8V6_CANDIDATE,8V7_AB_BEST_I195_soft_safe_mix_ssm15,8V6_P2_CORE_BASE_I088_hybrid_cover_hyb18,core_base_from_8v6_best,soft_safe_mix,long,5m,597,175,92,83,52.571429,1.257638,1.425049,0.403505,3.5316723,100.849058,True,official_mdd_pass,"8V6 improvement from 8V6_P2_CORE_BASE_I088_hybrid_cover_hyb18; group=soft_safe_mix; tag=ssm15; focus=mix strict lowanchor shocklow as conditional safety, not full entry starvation"
8V7_AB_BEST_200_FROM_8V6_CANDIDATE,8V7_AB_BEST_I183_soft_safe_mix_ssm03,8V6_P2_CORE_BASE_I088_hybrid_cover_hyb18,core_base_from_8v6_best,soft_safe_mix,long,5m,597,235,114,121,48.510638,1.330344,1.869004,0.661343,2.826075912,100.660203,True,official_mdd_pass,"8V6 improvement from 8V6_P2_CORE_BASE_I088_hybrid_cover_hyb18; group=soft_safe_mix; tag=ssm03; focus=mix strict lowanchor shocklow as conditional safety, not full entry starvation"
8V7_AB_BEST_200_FROM_8V6_CANDIDATE,8V7_AB_BEST_I093_post_loss_brake_plb43,8V6_P2_CORE_BASE_I088_hybrid_cover_hyb18,core_base_from_8v6_best,post_loss_brake,long,5m,597,203,92,111,45.320197,0.861422,1.310136,0.472699,2.771609048,100.384651,True,official_mdd_pass,8V6 improvement from 8V6_P2_CORE_BASE_I088_hybrid_cover_hyb18; group=post_loss_brake; tag=plb43; focus=post-loss and symbol-dd brake without permanent entry starvation
8V7_AB_BEST_200_FROM_8V6_CANDIDATE,8V7_AB_BEST_I200_soft_safe_mix_ssm20,8V6_P2_CORE_BASE_I088_hybrid_cover_hyb18,core_base_from_8v6_best,soft_safe_mix,long,5m,597,170,93,77,54.705882,0.936905,1.324929,0.483047,2.74285525,100.449332,True,official_mdd_pass,"8V6 improvement from 8V6_P2_CORE_BASE_I088_hybrid_cover_hyb18; group=soft_safe_mix; tag=ssm20; focus=mix strict lowanchor shocklow as conditional safety, not full entry starvation"
8V7_AB_BEST_200_FROM_8V6_CANDIDATE,8V7_AB_BEST_I015_edge_restore_er15,8V6_P2_CORE_BASE_I088_hybrid_cover_hyb18,core_base_from_8v6_best,edge_restore,long,5m,597,56,32,24,57.142857,0.688873,0.688873,0.258006,2.669984687,100.429089,True,official_mdd_pass,8V6 improvement from 8V6_P2_CORE_BASE_I088_hybrid_cover_hyb18; group=edge_restore; tag=er15; focus=restore V51 firing density while keeping 8V6 safety as conditional brake
8V7_AB_BEST_200_FROM_8V6_CANDIDATE,8V7_AB_BEST_I038_edge_restore_er38,8V6_P2_CORE_BASE_I088_hybrid_cover_hyb18,core_base_from_8v6_best,edge_restore,long,5m,597,61,29,32,47.540984,0.711115,0.711115,0.267006,2.663296122,100.442211,True,official_mdd_pass,8V6 improvement from 8V6_P2_CORE_BASE_I088_hybrid_cover_hyb18; group=edge_restore; tag=er38; focus=restore V51 firing density while keeping 8V6 safety as conditional brake
8V7_AB_BEST_200_FROM_8V6_CANDIDATE,8V7_AB_BEST_I140_volshock_brake_vsb40,8V6_P2_CORE_BASE_I088_hybrid_cover_hyb18,core_base_from_8v6_best,volshock_brake,long,5m,597,301,146,155,48.504983,2.244324,3.692613,1.396714,2.643786871,100.816264,True,official_mdd_pass,8V6 improvement from 8V6_P2_CORE_BASE_I088_hybrid_cover_hyb18; group=volshock_brake; tag=vsb40; focus=avoid only the short window after adverse volatility shock
8V7_AB_BEST_200_FROM_8V6_CANDIDATE,8V7_AB_BEST_I013_edge_restore_er13,8V6_P2_CORE_BASE_I088_hybrid_cover_hyb18,core_base_from_8v6_best,edge_restore,long,5m,597,80,38,42,47.5,0.697717,0.853449,0.331625,2.573534186,100.363778,True,official_mdd_pass,8V6 improvement from 8V6_P2_CORE_BASE_I088_hybrid_cover_hyb18; group=edge_restore; tag=er13; focus=restore V51 firing density while keeping 8V6 safety as conditional brake
8V7_AB_BEST_200_FROM_8V6_CANDIDATE,8V7_AB_BEST_I040_edge_restore_er40,8V6_P2_CORE_BASE_I088_hybrid_cover_hyb18,core_base_from_8v6_best,edge_restore,long,5m,597,40,21,19,52.5,0.567385,0.567385,0.224866,2.523219168,100.341244,True,official_mdd_pass,8V6 improvement from 8V6_P2_CORE_BASE_I088_hybrid_cover_hyb18; group=edge_restore; tag=er40; focus=restore V51 firing density while keeping 8V6 safety as conditional brake
8V7_AB_BEST_200_FROM_8V6_CANDIDATE,8V7_AB_BEST_I014_edge_restore_er14,8V6_P2_CORE_BASE_I088_hybrid_cover_hyb18,core_base_from_8v6_best,edge_restore,long,5m,597,68,36,32,52.941176,0.695625,0.833948,0.342126,2.437545588,100.351119,True,official_mdd_pass,8V6 improvement from 8V6_P2_CORE_BASE_I088_hybrid_cover_hyb18; group=edge_restore; tag=er14; focus=restore V51 firing density while keeping 8V6 safety as conditional brake
8V7_AB_BEST_200_FROM_8V6_CANDIDATE,8V7_AB_BEST_I115_volshock_brake_vsb15,8V6_P2_CORE_BASE_I088_hybrid_cover_hyb18,core_base_from_8v6_best,volshock_brake,long,5m,597,277,137,140,49.458484,1.696524,2.971297,1.240405,2.395424902,100.435075,True,official_mdd_pass,8V6 improvement from 8V6_P2_CORE_BASE_I088_hybrid_cover_hyb18; group=volshock_brake; tag=vsb15; focus=avoid only the short window after adverse volatility shock
8V7_AB_BEST_200_FROM_8V6_CANDIDATE,8V7_AB_BEST_I120_volshock_brake_vsb20,8V6_P2_CORE_BASE_I088_hybrid_cover_hyb18,core_base_from_8v6_best,volshock_brake,long,5m,597,298,147,151,49.328859,1.973907,3.483651,1.45892,2.387828116,100.486189,True,official_mdd_pass,8V6 improvement from 8V6_P2_CORE_BASE_I088_hybrid_cover_hyb18; group=volshock_brake; tag=vsb20; focus=avoid only the short window after adverse volatility shock
8V7_AB_BEST_200_FROM_8V6_CANDIDATE,8V7_AB_BEST_I127_volshock_brake_vsb27,8V6_P2_CORE_BASE_I088_hybrid_cover_hyb18,core_base_from_8v6_best,volshock_brake,long,5m,597,259,99,160,38.223938,0.843079,1.452656,0.611486,2.375616063,100.226438,True,official_mdd_pass,8V6 improvement from 8V6_P2_CORE_BASE_I088_hybrid_cover_hyb18; group=volshock_brake; tag=vsb27; focus=avoid only the short window after adverse volatility shock
8V7_AB_BEST_200_FROM_8V6_CANDIDATE,8V7_AB_BEST_I114_volshock_brake_vsb14,8V6_P2_CORE_BASE_I088_hybrid_cover_hyb18,core_base_from_8v6_best,volshock_brake,long,5m,597,285,133,152,46.666667,1.014879,1.689681,0.720989,2.343559567,100.286573,True,official_mdd_pass,8V6 improvement from 8V6_P2_CORE_BASE_I088_hybrid_cover_hyb18; group=volshock_brake; tag=vsb14; focus=avoid only the short window after adverse volatility shock
8V7_AB_BEST_200_FROM_8V6_CANDIDATE,8V7_AB_BEST_I037_edge_restore_er37,8V6_P2_CORE_BASE_I088_hybrid_cover_hyb18,core_base_from_8v6_best,edge_restore,long,5m,597,68,28,40,41.176471,0.546173,0.666189,0.291342,2.286617716,100.253239,True,official_mdd_pass,8V6 improvement from 8V6_P2_CORE_BASE_I088_hybrid_cover_hyb18; group=edge_restore; tag=er37; focus=restore V51 firing density while keeping 8V6 safety as conditional brake
8V7_AB_BEST_200_FROM_8V6_CANDIDATE,8V7_AB_BEST_I113_volshock_brake_vsb13,8V6_P2_CORE_BASE_I088_hybrid_cover_hyb18,core_base_from_8v6_best,volshock_brake,long,5m,597,58,28,30,48.275862,0.496129,0.715545,0.314121,2.277926459,100.18045,True,official_mdd_pass,8V6 improvement from 8V6_P2_CORE_BASE_I088_hybrid_cover_hyb18; group=volshock_brake; tag=vsb13; focus=avoid only the short window after adverse volatility shock
8V7_AB_BEST_200_FROM_8V6_CANDIDATE,8V7_AB_BEST_I092_post_loss_brake_plb42,8V6_P2_CORE_BASE_I088_hybrid_cover_hyb18,core_base_from_8v6_best,post_loss_brake,long,5m,597,260,110,150,42.307692,0.707757,1.251532,0.549617,2.277097617,100.15425,True,official_mdd_pass,8V6 improvement from 8V6_P2_CORE_BASE_I088_hybrid_cover_hyb18; group=post_loss_brake; tag=plb42; focus=post-loss and symbol-dd brake without permanent entry starvation
8V7_AB_BEST_200_FROM_8V6_CANDIDATE,8V7_AB_BEST_I110_volshock_brake_vsb10,8V6_P2_CORE_BASE_I088_hybrid_cover_hyb18,core_base_from_8v6_best,volshock_brake,long,5m,597,457,210,247,45.95186,2.431688,4.423349,1.96285,2.25353442,100.421108,True,official_mdd_pass,8V6 improvement from 8V6_P2_CORE_BASE_I088_hybrid_cover_hyb18; group=volshock_brake; tag=vsb10; focus=avoid only the short window after adverse volatility shock
8V7_AB_BEST_200_FROM_8V6_CANDIDATE,8V7_AB_BEST_I190_soft_safe_mix_ssm10,8V6_P2_CORE_BASE_I088_hybrid_cover_hyb18,core_base_from_8v6_best,soft_safe_mix,long,5m,597,203,106,97,52.216749,0.80035,1.267431,0.563524,2.249115699,100.232316,True,official_mdd_pass,"8V6 improvement from 8V6_P2_CORE_BASE_I088_hybrid_cover_hyb18; group=soft_safe_mix; tag=ssm10; focus=mix strict lowanchor shocklow as conditional safety, not full entry starvation"
8V7_AB_BEST_200_FROM_8V6_CANDIDATE,8V7_AB_BEST_I158_adaptive_exit_aex18,8V6_P2_CORE_BASE_I088_hybrid_cover_hyb18,core_base_from_8v6_best,adaptive_exit,long,5m,597,156,49,107,31.410256,0.772489,1.120213,0.504588,2.220054792,100.264003,True,official_mdd_pass,8V6 improvement from 8V6_P2_CORE_BASE_I088_hybrid_cover_hyb18; group=adaptive_exit; tag=aex18; focus=adaptive exit/hold/stop repair with minimal additional entry filtering
8V7_AB_BEST_200_FROM_8V6_CANDIDATE,8V7_AB_BEST_I135_volshock_brake_vsb35,8V6_P2_CORE_BASE_I088_hybrid_cover_hyb18,core_base_from_8v6_best,volshock_brake,long,5m,597,274,131,143,47.810219,1.374776,2.538167,1.154697,2.198122748,100.204204,True,official_mdd_pass,8V6 improvement from 8V6_P2_CORE_BASE_I088_hybrid_cover_hyb18; group=volshock_brake; tag=vsb35; focus=avoid only the short window after adverse volatility shock
8V7_AB_BEST_200_FROM_8V6_CANDIDATE,8V7_AB_BEST_I091_post_loss_brake_plb41,8V6_P2_CORE_BASE_I088_hybrid_cover_hyb18,core_base_from_8v6_best,post_loss_brake,long,5m,597,296,117,179,39.527027,0.54859,1.073145,0.527685,2.033683763,100.01801,True,official_mdd_pass,8V6 improvement from 8V6_P2_CORE_BASE_I088_hybrid_cover_hyb18; group=post_loss_brake; tag=plb41; focus=post-loss and symbol-dd brake without permanent entry starvation
8V7_AB_BEST_200_FROM_8V6_CANDIDATE,8V7_AB_BEST_I119_volshock_brake_vsb19,8V6_P2_CORE_BASE_I088_hybrid_cover_hyb18,core_base_from_8v6_best,volshock_brake,long,5m,597,278,126,152,45.323741,0.815566,1.629387,0.815805,1.997275054,99.993108,True,official_mdd_pass,8V6 improvement from 8V6_P2_CORE_BASE_I088_hybrid_cover_hyb18; group=volshock_brake; tag=vsb19; focus=avoid only the short window after adverse volatility shock
8V7_AB_BEST_200_FROM_8V6_CANDIDATE,8V7_AB_BEST_I130_volshock_brake_vsb30,8V6_P2_CORE_BASE_I088_hybrid_cover_hyb18,core_base_from_8v6_best,volshock_brake,long,5m,597,469,214,255,45.628998,1.853191,3.786057,1.901731,1.990847333,99.916217,True,official_mdd_pass,8V6 improvement from 8V6_P2_CORE_BASE_I088_hybrid_cover_hyb18; group=volshock_brake; tag=vsb30; focus=avoid only the short window after adverse volatility shock
8V7_AB_BEST_200_FROM_8V6_CANDIDATE,8V7_AB_BEST_I083_post_loss_brake_plb33,8V6_P2_CORE_BASE_I088_hybrid_cover_hyb18,core_base_from_8v6_best,post_loss_brake,long,5m,597,567,247,320,43.56261,1.513759,3.142724,1.579331,1.989908413,99.910521,True,official_mdd_pass,8V6 improvement from 8V6_P2_CORE_BASE_I088_hybrid_cover_hyb18; group=post_loss_brake; tag=plb33; focus=post-loss and symbol-dd brake without permanent entry starvation
8V7_AB_BEST_200_FROM_8V6_CANDIDATE,8V7_AB_BEST_I065_post_loss_brake_plb15,8V6_P2_CORE_BASE_I088_hybrid_cover_hyb18,core_base_from_8v6_best,post_loss_brake,long,5m,597,1072,504,568,47.014925,3.748583,7.996104,4.033795,1.982278389,99.563578,True,official_mdd_pass,8V6 improvement from 8V6_P2_CORE_BASE_I088_hybrid_cover_hyb18; group=post_loss_brake; tag=plb15; focus=post-loss and symbol-dd brake without permanent entry starvation
8V7_AB_BEST_200_FROM_8V6_CANDIDATE,8V7_AB_BEST_I085_post_loss_brake_plb35,8V6_P2_CORE_BASE_I088_hybrid_cover_hyb18,core_base_from_8v6_best,post_loss_brake,long,5m,597,475,222,253,46.736842,1.613185,3.440189,1.766242,1.947744761,99.81845,True,official_mdd_pass,8V6 improvement from 8V6_P2_CORE_BASE_I088_hybrid_cover_hyb18; group=post_loss_brake; tag=plb35; focus=post-loss and symbol-dd brake without permanent entry starvation
8V7_AB_BEST_200_FROM_8V6_CANDIDATE,8V7_AB_BEST_I059_post_loss_brake_plb09,8V6_P2_CORE_BASE_I088_hybrid_cover_hyb18,core_base_from_8v6_best,post_loss_brake,long,5m,597,490,207,283,42.244898,1.411206,2.996579,1.539248,1.946781261,99.850236,True,official_mdd_pass,8V6 improvement from 8V6_P2_CORE_BASE_I088_hybrid_cover_hyb18; group=post_loss_brake; tag=plb09; focus=post-loss and symbol-dd brake without permanent entry starvation
8V7_AB_BEST_200_FROM_8V6_CANDIDATE,8V7_AB_BEST_I033_edge_restore_er33,8V6_P2_CORE_BASE_I088_hybrid_cover_hyb18,core_base_from_8v6_best,edge_restore,long,5m,597,122,53,69,43.442623,0.40085,0.802273,0.415103,1.932707199,99.984083,True,official_mdd_pass,8V6 improvement from 8V6_P2_CORE_BASE_I088_hybrid_cover_hyb18; group=edge_restore; tag=er33; focus=restore V51 firing density while keeping 8V6 safety as conditional brake
8V7_AB_BEST_200_FROM_8V6_CANDIDATE,8V7_AB_BEST_I090_post_loss_brake_plb40,8V6_P2_CORE_BASE_I088_hybrid_cover_hyb18,core_base_from_8v6_best,post_loss_brake,long,5m,597,959,444,515,46.298227,3.146819,6.867317,3.594439,1.910539336,99.43927,True,official_mdd_pass,8V6 improvement from 8V6_P2_CORE_BASE_I088_hybrid_cover_hyb18; group=post_loss_brake; tag=plb40; focus=post-loss and symbol-dd brake without permanent entry starvation
8V7_AB_BEST_200_FROM_8V6_CANDIDATE,8V7_AB_BEST_I039_edge_restore_er39,8V6_P2_CORE_BASE_I088_hybrid_cover_hyb18,core_base_from_8v6_best,edge_restore,long,5m,597,43,20,23,46.511628,0.504751,0.516268,0.270986,1.905149956,100.232398,True,official_mdd_pass,8V6 improvement from 8V6_P2_CORE_BASE_I088_hybrid_cover_hyb18; group=edge_restore; tag=er39; focus=restore V51 firing density while keeping 8V6 safety as conditional brake
8V7_AB_BEST_200_FROM_8V6_CANDIDATE,8V7_AB_BEST_I060_post_loss_brake_plb10,8V6_P2_CORE_BASE_I088_hybrid_cover_hyb18,core_base_from_8v6_best,post_loss_brake,long,5m,597,482,213,269,44.190871,1.532856,3.377874,1.784732,1.892651031,99.720768,True,official_mdd_pass,8V6 improvement from 8V6_P2_CORE_BASE_I088_hybrid_cover_hyb18; group=post_loss_brake; tag=plb10; focus=post-loss and symbol-dd brake without permanent entry starvation
8V7_AB_BEST_200_FROM_8V6_CANDIDATE,8V7_AB_BEST_I139_volshock_brake_vsb39,8V6_P2_CORE_BASE_I088_hybrid_cover_hyb18,core_base_from_8v6_best,volshock_brake,long,5m,597,271,121,150,44.649446,0.762652,1.614248,0.853094,1.892227453,99.903051,True,official_mdd_pass,8V6 improvement from 8V6_P2_CORE_BASE_I088_hybrid_cover_hyb18; group=volshock_brake; tag=vsb39; focus=avoid only the short window after adverse volatility shock
8V7_AB_BEST_200_FROM_8V6_CANDIDATE,8V7_AB_BEST_I160_adaptive_exit_aex20,8V6_P2_CORE_BASE_I088_hybrid_cover_hyb18,core_base_from_8v6_best,adaptive_exit,long,5m,597,91,41,50,45.054945,0.64381,0.785926,0.425604,1.846615011,100.215466,True,official_mdd_pass,8V6 improvement from 8V6_P2_CORE_BASE_I088_hybrid_cover_hyb18; group=adaptive_exit; tag=aex20; focus=adaptive exit/hold/stop repair with minimal additional entry filtering
8V7_AB_BEST_200_FROM_8V6_CANDIDATE,8V7_AB_BEST_I189_soft_safe_mix_ssm09,8V6_P2_CORE_BASE_I088_hybrid_cover_hyb18,core_base_from_8v6_best,soft_safe_mix,long,5m,597,25,12,13,48.0,0.178184,0.178184,0.097528,1.827013734,100.080483,True,official_mdd_pass,"8V6 improvement from 8V6_P2_CORE_BASE_I088_hybrid_cover_hyb18; group=soft_safe_mix; tag=ssm09; focus=mix strict lowanchor shocklow as conditional safety, not full entry starvation"
8V7_AB_BEST_200_FROM_8V6_CANDIDATE,8V7_AB_BEST_I055_post_loss_brake_plb05,8V6_P2_CORE_BASE_I088_hybrid_cover_hyb18,core_base_from_8v6_best,post_loss_brake,long,5m,597,1481,658,823,44.42944,3.658689,8.995962,4.994738,1.801087702,98.481208,True,official_mdd_pass,8V6 improvement from 8V6_P2_CORE_BASE_I088_hybrid_cover_hyb18; group=post_loss_brake; tag=plb05; focus=post-loss and symbol-dd brake without permanent entry starvation
8V7_AB_BEST_200_FROM_8V6_CANDIDATE,8V7_AB_BEST_I063_post_loss_brake_plb13,8V6_P2_CORE_BASE_I088_hybrid_cover_hyb18,core_base_from_8v6_best,post_loss_brake,long,5m,597,1237,527,710,42.603072,3.042756,7.442342,4.134624,1.800004468,98.782325,True,official_mdd_pass,8V6 improvement from 8V6_P2_CORE_BASE_I088_hybrid_cover_hyb18; group=post_loss_brake; tag=plb13; focus=post-loss and symbol-dd brake without permanent entry starvation
8V7_AB_BEST_200_FROM_8V6_CANDIDATE,8V7_AB_BEST_I185_soft_safe_mix_ssm05,8V6_P2_CORE_BASE_I088_hybrid_cover_hyb18,core_base_from_8v6_best,soft_safe_mix,long,5m,597,259,128,131,49.420849,0.664646,1.54162,0.866085,1.779987241,99.792805,True,official_mdd_pass,"8V6 improvement from 8V6_P2_CORE_BASE_I088_hybrid_cover_hyb18; group=soft_safe_mix; tag=ssm05; focus=mix strict lowanchor shocklow as conditional safety, not full entry starvation"
8V7_AB_BEST_200_FROM_8V6_CANDIDATE,8V7_AB_BEST_I025_edge_restore_er25,8V6_P2_CORE_BASE_I088_hybrid_cover_hyb18,core_base_from_8v6_best,edge_restore,long,5m,597,1016,432,584,42.519685,2.530339,6.447578,3.682153,1.751034688,98.755015,True,official_mdd_pass,8V6 improvement from 8V6_P2_CORE_BASE_I088_hybrid_cover_hyb18; group=edge_restore; tag=er25; focus=restore V51 firing density while keeping 8V6 safety as conditional brake
8V7_AB_BEST_200_FROM_8V6_CANDIDATE,8V7_AB_BEST_I005_edge_restore_er05,8V6_P2_CORE_BASE_I088_hybrid_cover_hyb18,core_base_from_8v6_best,edge_restore,long,5m,597,1263,529,734,41.884402,3.153122,7.87808,4.508571,1.747356183,98.50239,True,official_mdd_pass,8V6 improvement from 8V6_P2_CORE_BASE_I088_hybrid_cover_hyb18; group=edge_restore; tag=er05; focus=restore V51 firing density while keeping 8V6 safety as conditional brake
8V7_AB_BEST_200_FROM_8V6_CANDIDATE,8V7_AB_BEST_I064_post_loss_brake_plb14,8V6_P2_CORE_BASE_I088_hybrid_cover_hyb18,core_base_from_8v6_best,post_loss_brake,long,5m,597,1195,527,668,44.100418,2.963818,7.684554,4.484314,1.713652064,98.346598,True,official_mdd_pass,8V6 improvement from 8V6_P2_CORE_BASE_I088_hybrid_cover_hyb18; group=post_loss_brake; tag=plb14; focus=post-loss and symbol-dd brake without permanent entry starvation
8V7_AB_BEST_200_FROM_8V6_CANDIDATE,8V7_AB_BEST_I084_post_loss_brake_plb34,8V6_P2_CORE_BASE_I088_hybrid_cover_hyb18,core_base_from_8v6_best,post_loss_brake,long,5m,597,546,239,307,43.772894,1.212485,3.026936,1.778027,1.702412742,99.412899,True,official_mdd_pass,8V6 improvement from 8V6_P2_CORE_BASE_I088_hybrid_cover_hyb18; group=post_loss_brake; tag=plb34; focus=post-loss and symbol-dd brake without permanent entry starvation
8V7_AB_BEST_200_FROM_8V6_CANDIDATE,8V7_AB_BEST_I088_post_loss_brake_plb38,8V6_P2_CORE_BASE_I088_hybrid_cover_hyb18,core_base_from_8v6_best,post_loss_brake,long,5m,597,1172,465,707,39.675768,2.615961,7.358549,4.422499,1.663889325,98.077772,True,official_mdd_pass,8V6 improvement from 8V6_P2_CORE_BASE_I088_hybrid_cover_hyb18; group=post_loss_brake; tag=plb38; focus=post-loss and symbol-dd brake without permanent entry starvation
8V7_AB_BEST_200_FROM_8V6_CANDIDATE,8V7_AB_BEST_I197_soft_safe_mix_ssm17,8V6_P2_CORE_BASE_I088_hybrid_cover_hyb18,core_base_from_8v6_best,soft_safe_mix,long,5m,597,1040,414,626,39.807692,2.179862,6.027431,3.628843,1.660978739,98.471915,True,official_mdd_pass,"8V6 improvement from 8V6_P2_CORE_BASE_I088_hybrid_cover_hyb18; group=soft_safe_mix; tag=ssm17; focus=mix strict lowanchor shocklow as conditional safety, not full entry starvation"
8V7_AB_BEST_200_FROM_8V6_CANDIDATE,8V7_AB_BEST_I058_post_loss_brake_plb08,8V6_P2_CORE_BASE_I088_hybrid_cover_hyb18,core_base_from_8v6_best,post_loss_brake,long,5m,597,695,272,423,39.136691,1.253888,3.419654,2.094153,1.632953377,99.133477,True,official_mdd_pass,8V6 improvement from 8V6_P2_CORE_BASE_I088_hybrid_cover_hyb18; group=post_loss_brake; tag=plb08; focus=post-loss and symbol-dd brake without permanent entry starvation
8V7_AB_BEST_200_FROM_8V6_CANDIDATE,8V7_AB_BEST_I075_post_loss_brake_plb25,8V6_P2_CORE_BASE_I088_hybrid_cover_hyb18,core_base_from_8v6_best,post_loss_brake,long,5m,597,273,118,155,43.223443,0.507487,1.350242,0.833953,1.619085546,99.669301,True,official_mdd_pass,8V6 improvement from 8V6_P2_CORE_BASE_I088_hybrid_cover_hyb18; group=post_loss_brake; tag=plb25; focus=post-loss and symbol-dd brake without permanent entry starvation
8V7_AB_BEST_200_FROM_8V6_CANDIDATE,8V7_AB_BEST_I192_soft_safe_mix_ssm12,8V6_P2_CORE_BASE_I088_hybrid_cover_hyb18,core_base_from_8v6_best,soft_safe_mix,long,5m,597,1286,542,744,42.14619,2.176348,6.346344,3.956366,1.604084284,98.133878,True,official_mdd_pass,"8V6 improvement from 8V6_P2_CORE_BASE_I088_hybrid_cover_hyb18; group=soft_safe_mix; tag=ssm12; focus=mix strict lowanchor shocklow as conditional safety, not full entry starvation"
8V7_AB_BEST_200_FROM_8V6_CANDIDATE,8V7_AB_BEST_I080_post_loss_brake_plb30,8V6_P2_CORE_BASE_I088_hybrid_cover_hyb18,core_base_from_8v6_best,post_loss_brake,long,5m,597,1198,528,670,44.073456,2.547237,6.905303,4.35951,1.583963097,98.076679,True,official_mdd_pass,8V6 improvement from 8V6_P2_CORE_BASE_I088_hybrid_cover_hyb18; group=post_loss_brake; tag=plb30; focus=post-loss and symbol-dd brake without permanent entry starvation
8V7_AB_BEST_200_FROM_8V6_CANDIDATE,8V7_AB_BEST_I079_post_loss_brake_plb29,8V6_P2_CORE_BASE_I088_hybrid_cover_hyb18,core_base_from_8v6_best,post_loss_brake,long,5m,597,1221,512,709,41.932842,2.313143,6.624156,4.220931,1.56935892,97.994576,True,official_mdd_pass,8V6 improvement from 8V6_P2_CORE_BASE_I088_hybrid_cover_hyb18; group=post_loss_brake; tag=plb29; focus=post-loss and symbol-dd brake without permanent entry starvation
8V7_AB_BEST_200_FROM_8V6_CANDIDATE,8V7_AB_BEST_I134_volshock_brake_vsb34,8V6_P2_CORE_BASE_I088_hybrid_cover_hyb18,core_base_from_8v6_best,volshock_brake,long,5m,597,329,145,184,44.072948,0.60913,1.727981,1.103848,1.565416567,99.498559,True,official_mdd_pass,8V6 improvement from 8V6_P2_CORE_BASE_I088_hybrid_cover_hyb18; group=volshock_brake; tag=vsb34; focus=avoid only the short window after adverse volatility shock
8V7_AB_BEST_200_FROM_8V6_CANDIDATE,8V7_AB_BEST_I089_post_loss_brake_plb39,8V6_P2_CORE_BASE_I088_hybrid_cover_hyb18,core_base_from_8v6_best,post_loss_brake,long,5m,597,1067,450,617,42.174321,2.305203,7.140432,4.573804,1.561158502,97.625964,True,official_mdd_pass,8V6 improvement from 8V6_P2_CORE_BASE_I088_hybrid_cover_hyb18; group=post_loss_brake; tag=plb39; focus=post-loss and symbol-dd brake without permanent entry starvation
8V7_AB_BEST_200_FROM_8V6_CANDIDATE,8V7_AB_BEST_I078_post_loss_brake_plb28,8V6_P2_CORE_BASE_I088_hybrid_cover_hyb18,core_base_from_8v6_best,post_loss_brake,long,5m,597,1551,603,948,38.878143,2.402743,7.774133,4.983933,1.559839077,97.299059,True,official_mdd_pass,8V6 improvement from 8V6_P2_CORE_BASE_I088_hybrid_cover_hyb18; group=post_loss_brake; tag=plb28; focus=post-loss and symbol-dd brake without permanent entry starvation
8V7_AB_BEST_200_FROM_8V6_CANDIDATE,8V7_AB_BEST_I137_volshock_brake_vsb37,8V6_P2_CORE_BASE_I088_hybrid_cover_hyb18,core_base_from_8v6_best,volshock_brake,long,5m,597,65,26,39,40.0,0.251478,0.596788,0.383491,1.556199999,99.867023,True,official_mdd_pass,8V6 improvement from 8V6_P2_CORE_BASE_I088_hybrid_cover_hyb18; group=volshock_brake; tag=vsb37; focus=avoid only the short window after adverse volatility shock
8V7_AB_BEST_200_FROM_8V6_CANDIDATE,8V7_AB_BEST_I159_adaptive_exit_aex19,8V6_P2_CORE_BASE_I088_hybrid_cover_hyb18,core_base_from_8v6_best,adaptive_exit,long,5m,597,112,40,72,35.714286,0.445313,0.813754,0.531463,1.531159334,99.911483,True,official_mdd_pass,8V6 improvement from 8V6_P2_CORE_BASE_I088_hybrid_cover_hyb18; group=adaptive_exit; tag=aex19; focus=adaptive exit/hold/stop repair with minimal additional entry filtering
8V7_AB_BEST_200_FROM_8V6_CANDIDATE,8V7_AB_BEST_I125_volshock_brake_vsb25,8V6_P2_CORE_BASE_I088_hybrid_cover_hyb18,core_base_from_8v6_best,volshock_brake,long,5m,597,326,140,186,42.944785,0.752256,2.285772,1.499247,1.524613552,99.241731,True,official_mdd_pass,8V6 improvement from 8V6_P2_CORE_BASE_I088_hybrid_cover_hyb18; group=volshock_brake; tag=vsb25; focus=avoid only the short window after adverse volatility shock
8V7_AB_BEST_200_FROM_8V6_CANDIDATE,8V7_AB_BEST_I194_soft_safe_mix_ssm14,8V6_P2_CORE_BASE_I088_hybrid_cover_hyb18,core_base_from_8v6_best,soft_safe_mix,long,5m,597,20,10,10,50.0,0.125525,0.125525,0.083269,1.507471048,100.042152,True,official_mdd_pass,"8V6 improvement from 8V6_P2_CORE_BASE_I088_hybrid_cover_hyb18; group=soft_safe_mix; tag=ssm14; focus=mix strict lowanchor shocklow as conditional safety, not full entry starvation"
8V7_AB_BEST_200_FROM_8V6_CANDIDATE,8V7_AB_BEST_I045_edge_restore_er45,8V6_P2_CORE_BASE_I088_hybrid_cover_hyb18,core_base_from_8v6_best,edge_restore,long,5m,597,468,190,278,40.598291,1.024939,3.267592,2.177484,1.500626966,98.825136,True,official_mdd_pass,8V6 improvement from 8V6_P2_CORE_BASE_I088_hybrid_cover_hyb18; group=edge_restore; tag=er45; focus=restore V51 firing density while keeping 8V6 safety as conditional brake
8V7_AB_BEST_200_FROM_8V6_CANDIDATE,8V7_AB_BEST_I087_post_loss_brake_plb37,8V6_P2_CORE_BASE_I088_hybrid_cover_hyb18,core_base_from_8v6_best,post_loss_brake,long,5m,597,1260,462,798,36.666667,1.952224,6.862537,4.594981,1.493485401,97.267538,True,official_mdd_pass,8V6 improvement from 8V6_P2_CORE_BASE_I088_hybrid_cover_hyb18; group=post_loss_brake; tag=plb37; focus=post-loss and symbol-dd brake without permanent entry starvation
8V7_AB_BEST_200_FROM_8V6_CANDIDATE,8V7_AB_BEST_I044_edge_restore_er44,8V6_P2_CORE_BASE_I088_hybrid_cover_hyb18,core_base_from_8v6_best,edge_restore,long,5m,597,689,273,416,39.622642,1.133969,3.95273,2.723657,1.451258199,98.379426,True,official_mdd_pass,8V6 improvement from 8V6_P2_CORE_BASE_I088_hybrid_cover_hyb18; group=edge_restore; tag=er44; focus=restore V51 firing density while keeping 8V6 safety as conditional brake
8V7_AB_BEST_200_FROM_8V6_CANDIDATE,8V7_AB_BEST_I105_volshock_brake_vsb05,8V6_P2_CORE_BASE_I088_hybrid_cover_hyb18,core_base_from_8v6_best,volshock_brake,long,5m,597,457,199,258,43.544858,0.738882,2.660134,1.871469,1.421415386,98.853586,True,official_mdd_pass,8V6 improvement from 8V6_P2_CORE_BASE_I088_hybrid_cover_hyb18; group=volshock_brake; tag=vsb05; focus=avoid only the short window after adverse volatility shock
8V7_AB_BEST_200_FROM_8V6_CANDIDATE,8V7_AB_BEST_I138_volshock_brake_vsb38,8V6_P2_CORE_BASE_I088_hybrid_cover_hyb18,core_base_from_8v6_best,volshock_brake,long,5m,597,67,27,40,40.298507,0.33061,0.656549,0.468734,1.400683803,99.860326,True,official_mdd_pass,8V6 improvement from 8V6_P2_CORE_BASE_I088_hybrid_cover_hyb18; group=volshock_brake; tag=vsb38; focus=avoid only the short window after adverse volatility shock
8V7_AB_BEST_200_FROM_8V6_CANDIDATE,8V7_AB_BEST_I187_soft_safe_mix_ssm07,8V6_P2_CORE_BASE_I088_hybrid_cover_hyb18,core_base_from_8v6_best,soft_safe_mix,long,5m,597,1393,520,873,37.329505,1.668916,6.222874,4.491549,1.38546275,97.102407,True,official_mdd_pass,"8V6 improvement from 8V6_P2_CORE_BASE_I088_hybrid_cover_hyb18; group=soft_safe_mix; tag=ssm07; focus=mix strict lowanchor shocklow as conditional safety, not full entry starvation"
8V7_AB_BEST_200_FROM_8V6_CANDIDATE,8V7_AB_BEST_I057_post_loss_brake_plb07,8V6_P2_CORE_BASE_I088_hybrid_cover_hyb18,core_base_from_8v6_best,post_loss_brake,long,5m,597,778,278,500,35.732648,0.699105,3.153885,2.379726,1.325314182,98.302742,True,official_mdd_pass,8V6 improvement from 8V6_P2_CORE_BASE_I088_hybrid_cover_hyb18; group=post_loss_brake; tag=plb07; focus=post-loss and symbol-dd brake without permanent entry starvation
8V7_AB_BEST_200_FROM_8V6_CANDIDATE,8V7_AB_BEST_I123_volshock_brake_vsb23,8V6_P2_CORE_BASE_I088_hybrid_cover_hyb18,core_base_from_8v6_best,volshock_brake,long,5m,597,99,36,63,36.363636,0.34136,0.897426,0.678978,1.321731295,99.660064,True,official_mdd_pass,8V6 improvement from 8V6_P2_CORE_BASE_I088_hybrid_cover_hyb18; group=volshock_brake; tag=vsb23; focus=avoid only the short window after adverse volatility shock
8V7_AB_BEST_200_FROM_8V6_CANDIDATE,8V7_AB_BEST_I112_volshock_brake_vsb12,8V6_P2_CORE_BASE_I088_hybrid_cover_hyb18,core_base_from_8v6_best,volshock_brake,long,5m,597,211,81,130,38.388626,0.249217,0.838604,0.636775,1.31695452,99.610856,True,official_mdd_pass,8V6 improvement from 8V6_P2_CORE_BASE_I088_hybrid_cover_hyb18; group=volshock_brake; tag=vsb12; focus=avoid only the short window after adverse volatility shock
8V7_AB_BEST_200_FROM_8V6_CANDIDATE,8V7_AB_BEST_I171_adaptive_exit_aex31,8V6_P2_CORE_BASE_I088_hybrid_cover_hyb18,core_base_from_8v6_best,adaptive_exit,long,5m,597,2711,1165,1546,42.973073,1.394664,6.262994,4.764188,1.314598386,96.564031,True,official_mdd_pass,8V6 improvement from 8V6_P2_CORE_BASE_I088_hybrid_cover_hyb18; group=adaptive_exit; tag=aex31; focus=adaptive exit/hold/stop repair with minimal additional entry filtering
8V7_AB_BEST_200_FROM_8V6_CANDIDATE,8V7_AB_BEST_I034_edge_restore_er34,8V6_P2_CORE_BASE_I088_hybrid_cover_hyb18,core_base_from_8v6_best,edge_restore,long,5m,597,120,50,70,41.666667,0.172451,0.714263,0.566863,1.26002705,99.60461,True,official_mdd_pass,8V6 improvement from 8V6_P2_CORE_BASE_I088_hybrid_cover_hyb18; group=edge_restore; tag=er34; focus=restore V51 firing density while keeping 8V6 safety as conditional brake
8V7_AB_BEST_200_FROM_8V6_CANDIDATE,8V7_AB_BEST_I107_volshock_brake_vsb07,8V6_P2_CORE_BASE_I088_hybrid_cover_hyb18,core_base_from_8v6_best,volshock_brake,long,5m,597,163,62,101,38.03681,0.186074,0.902557,0.755697,1.194336021,99.428971,True,official_mdd_pass,8V6 improvement from 8V6_P2_CORE_BASE_I088_hybrid_cover_hyb18; group=volshock_brake; tag=vsb07; focus=avoid only the short window after adverse volatility shock
8V7_AB_BEST_200_FROM_8V6_CANDIDATE,8V7_AB_BEST_I157_adaptive_exit_aex17,8V6_P2_CORE_BASE_I088_hybrid_cover_hyb18,core_base_from_8v6_best,adaptive_exit,long,5m,597,188,49,139,26.06383,0.183131,0.93228,0.788234,1.18274539,99.393454,True,official_mdd_pass,8V6 improvement from 8V6_P2_CORE_BASE_I088_hybrid_cover_hyb18; group=adaptive_exit; tag=aex17; focus=adaptive exit/hold/stop repair with minimal additional entry filtering
8V7_AB_BEST_200_FROM_8V6_CANDIDATE,8V7_AB_BEST_I118_volshock_brake_vsb18,8V6_P2_CORE_BASE_I088_hybrid_cover_hyb18,core_base_from_8v6_best,volshock_brake,long,5m,597,83,32,51,38.554217,0.279656,0.707316,0.606031,1.16712831,99.67193,True,official_mdd_pass,8V6 improvement from 8V6_P2_CORE_BASE_I088_hybrid_cover_hyb18; group=volshock_brake; tag=vsb18; focus=avoid only the short window after adverse volatility shock
8V7_AB_BEST_200_FROM_8V6_CANDIDATE,8V7_AB_BEST_I099_post_loss_brake_plb49,8V6_P2_CORE_BASE_I088_hybrid_cover_hyb18,core_base_from_8v6_best,post_loss_brake,long,5m,597,285,117,168,41.052632,0.203967,1.437968,1.235505,1.163870138,98.965942,True,official_mdd_pass,8V6 improvement from 8V6_P2_CORE_BASE_I088_hybrid_cover_hyb18; group=post_loss_brake; tag=plb49; focus=post-loss and symbol-dd brake without permanent entry starvation
8V7_AB_BEST_200_FROM_8V6_CANDIDATE,8V7_AB_BEST_I043_edge_restore_er43,8V6_P2_CORE_BASE_I088_hybrid_cover_hyb18,core_base_from_8v6_best,edge_restore,long,5m,597,725,267,458,36.827586,0.371726,3.279793,2.827282,1.160051386,97.533934,True,official_mdd_pass,8V6 improvement from 8V6_P2_CORE_BASE_I088_hybrid_cover_hyb18; group=edge_restore; tag=er43; focus=restore V51 firing density while keeping 8V6 safety as conditional brake
8V7_AB_BEST_200_FROM_8V6_CANDIDATE,8V7_AB_BEST_I132_volshock_brake_vsb32,8V6_P2_CORE_BASE_I088_hybrid_cover_hyb18,core_base_from_8v6_best,volshock_brake,long,5m,597,149,59,90,39.597315,0.108271,0.843525,0.729104,1.156934675,99.378378,True,official_mdd_pass,8V6 improvement from 8V6_P2_CORE_BASE_I088_hybrid_cover_hyb18; group=volshock_brake; tag=vsb32; focus=avoid only the short window after adverse volatility shock
8V7_AB_BEST_200_FROM_8V6_CANDIDATE,8V7_AB_BEST_I100_post_loss_brake_plb50,8V6_P2_CORE_BASE_I088_hybrid_cover_hyb18,core_base_from_8v6_best,post_loss_brake,long,5m,597,286,124,162,43.356643,0.17734,1.337399,1.160467,1.152465943,99.014815,True,official_mdd_pass,8V6 improvement from 8V6_P2_CORE_BASE_I088_hybrid_cover_hyb18; group=post_loss_brake; tag=plb50; focus=post-loss and symbol-dd brake without permanent entry starvation
8V7_AB_BEST_200_FROM_8V6_CANDIDATE,8V7_AB_BEST_I036_edge_restore_er36,8V6_P2_CORE_BASE_I088_hybrid_cover_hyb18,core_base_from_8v6_best,edge_restore,long,5m,597,117,36,81,30.769231,0.162857,0.790405,0.68686,1.150751754,99.474878,True,official_mdd_pass,8V6 improvement from 8V6_P2_CORE_BASE_I088_hybrid_cover_hyb18; group=edge_restore; tag=er36; focus=restore V51 firing density while keeping 8V6 safety as conditional brake
8V7_AB_BEST_200_FROM_8V6_CANDIDATE,8V7_AB_BEST_I011_edge_restore_er11,8V6_P2_CORE_BASE_I088_hybrid_cover_hyb18,core_base_from_8v6_best,edge_restore,long,5m,597,131,48,83,36.641221,0.277879,0.746202,0.650102,1.147824212,99.625971,True,official_mdd_pass,8V6 improvement from 8V6_P2_CORE_BASE_I088_hybrid_cover_hyb18; group=edge_restore; tag=er11; focus=restore V51 firing density while keeping 8V6 safety as conditional brake
8V7_AB_BEST_200_FROM_8V6_CANDIDATE,8V7_AB_BEST_I129_volshock_brake_vsb29,8V6_P2_CORE_BASE_I088_hybrid_cover_hyb18,core_base_from_8v6_best,volshock_brake,long,5m,597,321,133,188,41.433022,0.241499,1.339057,1.193774,1.121700172,99.044842,True,official_mdd_pass,8V6 improvement from 8V6_P2_CORE_BASE_I088_hybrid_cover_hyb18; group=volshock_brake; tag=vsb29; focus=avoid only the short window after adverse volatility shock
8V7_AB_BEST_200_FROM_8V6_CANDIDATE,8V7_AB_BEST_I117_volshock_brake_vsb17,8V6_P2_CORE_BASE_I088_hybrid_cover_hyb18,core_base_from_8v6_best,volshock_brake,long,5m,597,53,20,33,37.735849,0.070995,0.405876,0.373761,1.085926102,99.696969,True,official_mdd_pass,8V6 improvement from 8V6_P2_CORE_BASE_I088_hybrid_cover_hyb18; group=volshock_brake; tag=vsb17; focus=avoid only the short window after adverse volatility shock
8V7_AB_BEST_200_FROM_8V6_CANDIDATE,8V7_AB_BEST_I180_adaptive_exit_aex40,8V6_P2_CORE_BASE_I088_hybrid_cover_hyb18,core_base_from_8v6_best,adaptive_exit,long,5m,597,418,160,258,38.277512,0.186828,2.189535,2.050655,1.067725097,98.132342,True,official_mdd_pass,8V6 improvement from 8V6_P2_CORE_BASE_I088_hybrid_cover_hyb18; group=adaptive_exit; tag=aex40; focus=adaptive exit/hold/stop repair with minimal additional entry filtering
8V7_AB_BEST_200_FROM_8V6_CANDIDATE,8V7_AB_BEST_I109_volshock_brake_vsb09,8V6_P2_CORE_BASE_I088_hybrid_cover_hyb18,core_base_from_8v6_best,volshock_brake,long,5m,597,339,139,200,41.00295,0.075721,1.402963,1.324808,1.058993396,98.74991,True,official_mdd_pass,8V6 improvement from 8V6_P2_CORE_BASE_I088_hybrid_cover_hyb18; group=volshock_brake; tag=vsb09; focus=avoid only the short window after adverse volatility shock
8V7_AB_BEST_200_FROM_8V6_CANDIDATE,8V7_AB_BEST_I124_volshock_brake_vsb24,8V6_P2_CORE_BASE_I088_hybrid_cover_hyb18,core_base_from_8v6_best,volshock_brake,long,5m,597,382,152,230,39.790576,0.066233,1.651329,1.563329,1.05629016,98.501869,True,official_mdd_pass,8V6 improvement from 8V6_P2_CORE_BASE_I088_hybrid_cover_hyb18; group=volshock_brake; tag=vsb24; focus=avoid only the short window after adverse volatility shock
8V7_AB_BEST_200_FROM_8V6_CANDIDATE,8V7_AB_BEST_I032_edge_restore_er32,8V6_P2_CORE_BASE_I088_hybrid_cover_hyb18,core_base_from_8v6_best,edge_restore,long,5m,597,176,69,107,39.204545,0.035145,0.806644,0.765325,1.053987962,99.269551,True,official_mdd_pass,8V6 improvement from 8V6_P2_CORE_BASE_I088_hybrid_cover_hyb18; group=edge_restore; tag=er32; focus=restore V51 firing density while keeping 8V6 safety as conditional brake
8V7_AB_BEST_200_FROM_8V6_CANDIDATE,8V7_AB_BEST_I074_post_loss_brake_plb24,8V6_P2_CORE_BASE_I088_hybrid_cover_hyb18,core_base_from_8v6_best,post_loss_brake,long,5m,597,361,144,217,39.889197,0.044894,1.647183,1.586333,1.038358851,98.45785,True,official_mdd_pass,8V6 improvement from 8V6_P2_CORE_BASE_I088_hybrid_cover_hyb18; group=post_loss_brake; tag=plb24; focus=post-loss and symbol-dd brake without permanent entry starvation
8V7_AB_BEST_200_FROM_8V6_CANDIDATE,8V7_AB_BEST_I133_volshock_brake_vsb33,8V6_P2_CORE_BASE_I088_hybrid_cover_hyb18,core_base_from_8v6_best,volshock_brake,long,5m,597,98,38,60,38.77551,0.169129,0.758761,0.731697,1.036987906,99.436195,True,official_mdd_pass,8V6 improvement from 8V6_P2_CORE_BASE_I088_hybrid_cover_hyb18; group=volshock_brake; tag=vsb33; focus=avoid only the short window after adverse volatility shock
8V7_AB_BEST_200_FROM_8V6_CANDIDATE,8V7_AB_BEST_I050_edge_restore_er50,8V6_P2_CORE_BASE_I088_hybrid_cover_hyb18,core_base_from_8v6_best,edge_restore,long,5m,597,540,219,321,40.555556,0.19483,2.468867,2.402901,1.027452387,97.787247,True,official_mdd_pass,8V6 improvement from 8V6_P2_CORE_BASE_I088_hybrid_cover_hyb18; group=edge_restore; tag=er50; focus=restore V51 firing density while keeping 8V6 safety as conditional brake
8V7_AB_BEST_200_FROM_8V6_CANDIDATE,8V7_AB_BEST_I028_edge_restore_er28,8V6_P2_CORE_BASE_I088_hybrid_cover_hyb18,core_base_from_8v6_best,edge_restore,long,5m,597,972,348,624,35.802469,-0.063094,3.603119,3.542756,1.017038329,96.396385,True,official_mdd_pass,8V6 improvement from 8V6_P2_CORE_BASE_I088_hybrid_cover_hyb18; group=edge_restore; tag=er28; focus=restore V51 firing density while keeping 8V6 safety as conditional brake
8V7_AB_BEST_200_FROM_8V6_CANDIDATE,8V7_AB_BEST_I012_edge_restore_er12,8V6_P2_CORE_BASE_I088_hybrid_cover_hyb18,core_base_from_8v6_best,edge_restore,long,5m,597,122,43,79,35.245902,0.203644,0.725641,0.714689,1.015324593,99.4875,True,official_mdd_pass,8V6 improvement from 8V6_P2_CORE_BASE_I088_hybrid_cover_hyb18; group=edge_restore; tag=er12; focus=restore V51 firing density while keeping 8V6 safety as conditional brake
8V7_AB_BEST_200_FROM_8V6_CANDIDATE,8V7_AB_BEST_I128_volshock_brake_vsb28,8V6_P2_CORE_BASE_I088_hybrid_cover_hyb18,core_base_from_8v6_best,volshock_brake,long,5m,597,97,36,61,37.113402,0.181222,0.632793,0.623637,1.014680869,99.556455,True,official_mdd_pass,8V6 improvement from 8V6_P2_CORE_BASE_I088_hybrid_cover_hyb18; group=volshock_brake; tag=vsb28; focus=avoid only the short window after adverse volatility shock
8V7_AB_BEST_200_FROM_8V6_CANDIDATE,8V7_AB_BEST_I008_edge_restore_er08,8V6_P2_CORE_BASE_I088_hybrid_cover_hyb18,core_base_from_8v6_best,edge_restore,long,5m,597,133,50,83,37.593985,-0.022298,0.592301,0.61098,0.969427206,99.366858,True,official_mdd_pass,8V6 improvement from 8V6_P2_CORE_BASE_I088_hybrid_cover_hyb18; group=edge_restore; tag=er08; focus=restore V51 firing density while keeping 8V6 safety as conditional brake
8V7_AB_BEST_200_FROM_8V6_CANDIDATE,8V7_AB_BEST_I048_edge_restore_er48,8V6_P2_CORE_BASE_I088_hybrid_cover_hyb18,core_base_from_8v6_best,edge_restore,long,5m,597,1012,354,658,34.980237,-0.18156,3.845358,4.009925,0.95896011,95.815795,True,official_mdd_pass,8V6 improvement from 8V6_P2_CORE_BASE_I088_hybrid_cover_hyb18; group=edge_restore; tag=er48; focus=restore V51 firing density while keeping 8V6 safety as conditional brake
8V7_AB_BEST_200_FROM_8V6_CANDIDATE,8V7_AB_BEST_I108_volshock_brake_vsb08,8V6_P2_CORE_BASE_I088_hybrid_cover_hyb18,core_base_from_8v6_best,volshock_brake,long,5m,597,109,37,72,33.944954,0.158378,0.680037,0.712183,0.954862708,99.445066,True,official_mdd_pass,8V6 improvement from 8V6_P2_CORE_BASE_I088_hybrid_cover_hyb18; group=volshock_brake; tag=vsb08; focus=avoid only the short window after adverse volatility shock
8V7_AB_BEST_200_FROM_8V6_CANDIDATE,8V7_AB_BEST_I030_edge_restore_er30,8V6_P2_CORE_BASE_I088_hybrid_cover_hyb18,core_base_from_8v6_best,edge_restore,long,5m,597,531,211,320,39.736347,-0.083907,2.247839,2.360437,0.952297689,97.557637,True,official_mdd_pass,8V6 improvement from 8V6_P2_CORE_BASE_I088_hybrid_cover_hyb18; group=edge_restore; tag=er30; focus=restore V51 firing density while keeping 8V6 safety as conditional brake
8V7_AB_BEST_200_FROM_8V6_CANDIDATE,8V7_AB_BEST_I122_volshock_brake_vsb22,8V6_P2_CORE_BASE_I088_hybrid_cover_hyb18,core_base_from_8v6_best,volshock_brake,long,5m,597,197,76,121,38.57868,0.092421,0.88467,0.929964,0.951294974,99.161598,True,official_mdd_pass,8V6 improvement from 8V6_P2_CORE_BASE_I088_hybrid_cover_hyb18; group=volshock_brake; tag=vsb22; focus=avoid only the short window after adverse volatility shock
8V7_AB_BEST_200_FROM_8V6_CANDIDATE,8V7_AB_BEST_I035_edge_restore_er35,8V6_P2_CORE_BASE_I088_hybrid_cover_hyb18,core_base_from_8v6_best,edge_restore,long,5m,597,103,44,59,42.718447,-0.003865,0.519145,0.5532,0.938439923,99.442956,True,official_mdd_pass,8V6 improvement from 8V6_P2_CORE_BASE_I088_hybrid_cover_hyb18; group=edge_restore; tag=er35; focus=restore V51 firing density while keeping 8V6 safety as conditional brake
8V7_AB_BEST_200_FROM_8V6_CANDIDATE,8V7_AB_BEST_I155_adaptive_exit_aex15,8V6_P2_CORE_BASE_I088_hybrid_cover_hyb18,core_base_from_8v6_best,adaptive_exit,long,5m,597,974,291,683,29.876797,-0.298473,3.460667,3.754869,0.921648069,95.957865,True,official_mdd_pass,8V6 improvement from 8V6_P2_CORE_BASE_I088_hybrid_cover_hyb18; group=adaptive_exit; tag=aex15; focus=adaptive exit/hold/stop repair with minimal additional entry filtering
8V7_AB_BEST_200_FROM_8V6_CANDIDATE,8V7_AB_BEST_I029_edge_restore_er29,8V6_P2_CORE_BASE_I088_hybrid_cover_hyb18,core_base_from_8v6_best,edge_restore,long,5m,597,573,216,357,37.696335,-0.203389,2.208458,2.430118,0.908786104,97.371435,True,official_mdd_pass,8V6 improvement from 8V6_P2_CORE_BASE_I088_hybrid_cover_hyb18; group=edge_restore; tag=er29; focus=restore V51 firing density while keeping 8V6 safety as conditional brake
8V7_AB_BEST_200_FROM_8V6_CANDIDATE,8V7_AB_BEST_I196_soft_safe_mix_ssm16,8V6_P2_CORE_BASE_I088_hybrid_cover_hyb18,core_base_from_8v6_best,soft_safe_mix,long,5m,597,486,163,323,33.539095,-0.223828,1.665374,1.858254,0.896203191,97.922077,True,official_mdd_pass,"8V6 improvement from 8V6_P2_CORE_BASE_I088_hybrid_cover_hyb18; group=soft_safe_mix; tag=ssm16; focus=mix strict lowanchor shocklow as conditional safety, not full entry starvation"
8V7_AB_BEST_200_FROM_8V6_CANDIDATE,8V7_AB_BEST_I049_edge_restore_er49,8V6_P2_CORE_BASE_I088_hybrid_cover_hyb18,core_base_from_8v6_best,edge_restore,long,5m,597,591,223,368,37.732657,-0.144841,2.34903,2.629613,0.893298693,97.229354,True,official_mdd_pass,8V6 improvement from 8V6_P2_CORE_BASE_I088_hybrid_cover_hyb18; group=edge_restore; tag=er49; focus=restore V51 firing density while keeping 8V6 safety as conditional brake
8V7_AB_BEST_200_FROM_8V6_CANDIDATE,8V7_AB_BEST_I007_edge_restore_er07,8V6_P2_CORE_BASE_I088_hybrid_cover_hyb18,core_base_from_8v6_best,edge_restore,long,5m,597,134,47,87,35.074627,-0.070205,0.518743,0.585909,0.885364389,99.344296,True,official_mdd_pass,8V6 improvement from 8V6_P2_CORE_BASE_I088_hybrid_cover_hyb18; group=edge_restore; tag=er07; focus=restore V51 firing density while keeping 8V6 safety as conditional brake
8V7_AB_BEST_200_FROM_8V6_CANDIDATE,8V7_AB_BEST_I102_volshock_brake_vsb02,8V6_P2_CORE_BASE_I088_hybrid_cover_hyb18,core_base_from_8v6_best,volshock_brake,long,5m,597,287,110,177,38.327526,-0.21799,1.327213,1.524964,0.870324254,98.26037,True,official_mdd_pass,8V6 improvement from 8V6_P2_CORE_BASE_I088_hybrid_cover_hyb18; group=volshock_brake; tag=vsb02; focus=avoid only the short window after adverse volatility shock
8V7_AB_BEST_200_FROM_8V6_CANDIDATE,8V7_AB_BEST_I073_post_loss_brake_plb23,8V6_P2_CORE_BASE_I088_hybrid_cover_hyb18,core_base_from_8v6_best,post_loss_brake,long,5m,597,394,147,247,37.309645,-0.258413,1.4967,1.739052,0.860641132,98.007029,True,official_mdd_pass,8V6 improvement from 8V6_P2_CORE_BASE_I088_hybrid_cover_hyb18; group=post_loss_brake; tag=plb23; focus=post-loss and symbol-dd brake without permanent entry starvation
8V7_AB_BEST_200_FROM_8V6_CANDIDATE,8V7_AB_BEST_I016_edge_restore_er16,8V6_P2_CORE_BASE_I088_hybrid_cover_hyb18,core_base_from_8v6_best,edge_restore,long,5m,597,293,93,200,31.740614,-0.165024,1.049776,1.227178,0.855439385,98.609823,True,official_mdd_pass,8V6 improvement from 8V6_P2_CORE_BASE_I088_hybrid_cover_hyb18; group=edge_restore; tag=er16; focus=restore V51 firing density while keeping 8V6 safety as conditional brake
8V7_AB_BEST_200_FROM_8V6_CANDIDATE,8V7_AB_BEST_I082_post_loss_brake_plb32,8V6_P2_CORE_BASE_I088_hybrid_cover_hyb18,core_base_from_8v6_best,post_loss_brake,long,5m,597,881,331,550,37.570942,-0.455445,2.295907,2.689601,0.853623497,96.867203,True,official_mdd_pass,8V6 improvement from 8V6_P2_CORE_BASE_I088_hybrid_cover_hyb18; group=post_loss_brake; tag=plb32; focus=post-loss and symbol-dd brake without permanent entry starvation
8V7_AB_BEST_200_FROM_8V6_CANDIDATE,8V7_AB_BEST_I027_edge_restore_er27,8V6_P2_CORE_BASE_I088_hybrid_cover_hyb18,core_base_from_8v6_best,edge_restore,long,5m,597,1114,372,742,33.393178,-0.788403,3.639135,4.272071,0.851843167,94.973207,True,official_mdd_pass,8V6 improvement from 8V6_P2_CORE_BASE_I088_hybrid_cover_hyb18; group=edge_restore; tag=er27; focus=restore V51 firing density while keeping 8V6 safety as conditional brake
8V7_AB_BEST_200_FROM_8V6_CANDIDATE,8V7_AB_BEST_I175_adaptive_exit_aex35,8V6_P2_CORE_BASE_I088_hybrid_cover_hyb18,core_base_from_8v6_best,adaptive_exit,long,5m,597,1148,376,772,32.752613,-0.859399,3.849098,4.599918,0.83677523,94.580215,True,official_mdd_pass,8V6 improvement from 8V6_P2_CORE_BASE_I088_hybrid_cover_hyb18; group=adaptive_exit; tag=aex35; focus=adaptive exit/hold/stop repair with minimal additional entry filtering
8V7_AB_BEST_200_FROM_8V6_CANDIDATE,8V7_AB_BEST_I104_volshock_brake_vsb04,8V6_P2_CORE_BASE_I088_hybrid_cover_hyb18,core_base_from_8v6_best,volshock_brake,long,5m,597,462,178,284,38.528139,-0.452255,1.724121,2.139489,0.805856556,97.417932,True,official_mdd_pass,8V6 improvement from 8V6_P2_CORE_BASE_I088_hybrid_cover_hyb18; group=volshock_brake; tag=vsb04; focus=avoid only the short window after adverse volatility shock
8V7_AB_BEST_200_FROM_8V6_CANDIDATE,8V7_AB_BEST_I018_edge_restore_er18,8V6_P2_CORE_BASE_I088_hybrid_cover_hyb18,core_base_from_8v6_best,edge_restore,long,5m,597,200,72,128,36.0,-0.185622,0.7231,0.902199,0.801486778,98.913854,True,official_mdd_pass,8V6 improvement from 8V6_P2_CORE_BASE_I088_hybrid_cover_hyb18; group=edge_restore; tag=er18; focus=restore V51 firing density while keeping 8V6 safety as conditional brake
8V7_AB_BEST_200_FROM_8V6_CANDIDATE,8V7_AB_BEST_I010_edge_restore_er10,8V6_P2_CORE_BASE_I088_hybrid_cover_hyb18,core_base_from_8v6_best,edge_restore,long,5m,597,83,30,53,36.144578,-0.036813,0.335629,0.42678,0.786421072,99.536564,True,official_mdd_pass,8V6 improvement from 8V6_P2_CORE_BASE_I088_hybrid_cover_hyb18; group=edge_restore; tag=er10; focus=restore V51 firing density while keeping 8V6 safety as conditional brake
8V7_AB_BEST_200_FROM_8V6_CANDIDATE,8V7_AB_BEST_I098_post_loss_brake_plb48,8V6_P2_CORE_BASE_I088_hybrid_cover_hyb18,core_base_from_8v6_best,post_loss_brake,long,5m,597,393,140,253,35.62341,-0.428021,1.437122,1.852678,0.77569978,97.727231,True,official_mdd_pass,8V6 improvement from 8V6_P2_CORE_BASE_I088_hybrid_cover_hyb18; group=post_loss_brake; tag=plb48; focus=post-loss and symbol-dd brake without permanent entry starvation
8V7_AB_BEST_200_FROM_8V6_CANDIDATE,8V7_AB_BEST_I031_edge_restore_er31,8V6_P2_CORE_BASE_I088_hybrid_cover_hyb18,core_base_from_8v6_best,edge_restore,long,5m,597,170,60,110,35.294118,-0.205623,0.689881,0.889368,0.77569738,98.906837,True,official_mdd_pass,8V6 improvement from 8V6_P2_CORE_BASE_I088_hybrid_cover_hyb18; group=edge_restore; tag=er31; focus=restore V51 firing density while keeping 8V6 safety as conditional brake
8V7_AB_BEST_200_FROM_8V6_CANDIDATE,8V7_AB_BEST_I191_soft_safe_mix_ssm11,8V6_P2_CORE_BASE_I088_hybrid_cover_hyb18,core_base_from_8v6_best,soft_safe_mix,long,5m,597,608,222,386,36.513158,-0.497016,1.55912,2.024571,0.770098941,97.488475,True,official_mdd_pass,"8V6 improvement from 8V6_P2_CORE_BASE_I088_hybrid_cover_hyb18; group=soft_safe_mix; tag=ssm11; focus=mix strict lowanchor shocklow as conditional safety, not full entry starvation"
8V7_AB_BEST_200_FROM_8V6_CANDIDATE,8V7_AB_BEST_I047_edge_restore_er47,8V6_P2_CORE_BASE_I088_hybrid_cover_hyb18,core_base_from_8v6_best,edge_restore,long,5m,597,1117,358,759,32.050134,-1.181819,3.346166,4.449424,0.752044652,94.421341,True,official_mdd_pass,8V6 improvement from 8V6_P2_CORE_BASE_I088_hybrid_cover_hyb18; group=edge_restore; tag=er47; focus=restore V51 firing density while keeping 8V6 safety as conditional brake
8V7_AB_BEST_200_FROM_8V6_CANDIDATE,8V7_AB_BEST_I072_post_loss_brake_plb22,8V6_P2_CORE_BASE_I088_hybrid_cover_hyb18,core_base_from_8v6_best,post_loss_brake,long,5m,597,442,153,289,34.615385,-0.448593,1.315023,1.76367,0.745617446,97.795649,True,official_mdd_pass,8V6 improvement from 8V6_P2_CORE_BASE_I088_hybrid_cover_hyb18; group=post_loss_brake; tag=plb22; focus=post-loss and symbol-dd brake without permanent entry starvation
8V7_AB_BEST_200_FROM_8V6_CANDIDATE,8V7_AB_BEST_I056_post_loss_brake_plb06,8V6_P2_CORE_BASE_I088_hybrid_cover_hyb18,core_base_from_8v6_best,post_loss_brake,long,5m,597,1039,346,693,33.301251,-0.749752,1.997256,2.693217,0.741587374,96.577224,True,official_mdd_pass,8V6 improvement from 8V6_P2_CORE_BASE_I088_hybrid_cover_hyb18; group=post_loss_brake; tag=plb06; focus=post-loss and symbol-dd brake without permanent entry starvation
8V7_AB_BEST_200_FROM_8V6_CANDIDATE,8V7_AB_BEST_I097_post_loss_brake_plb47,8V6_P2_CORE_BASE_I088_hybrid_cover_hyb18,core_base_from_8v6_best,post_loss_brake,long,5m,597,432,142,290,32.87037,-0.526065,1.403251,1.904036,0.736987599,97.579915,True,official_mdd_pass,8V6 improvement from 8V6_P2_CORE_BASE_I088_hybrid_cover_hyb18; group=post_loss_brake; tag=plb47; focus=post-loss and symbol-dd brake without permanent entry starvation
8V7_AB_BEST_200_FROM_8V6_CANDIDATE,8V7_AB_BEST_I156_adaptive_exit_aex16,8V6_P2_CORE_BASE_I088_hybrid_cover_hyb18,core_base_from_8v6_best,adaptive_exit,long,5m,597,263,58,205,22.053232,-0.272891,0.722606,0.988355,0.731120015,98.741451,True,official_mdd_pass,8V6 improvement from 8V6_P2_CORE_BASE_I088_hybrid_cover_hyb18; group=adaptive_exit; tag=aex16; focus=adaptive exit/hold/stop repair with minimal additional entry filtering
8V7_AB_BEST_200_FROM_8V6_CANDIDATE,8V7_AB_BEST_I042_edge_restore_er42,8V6_P2_CORE_BASE_I088_hybrid_cover_hyb18,core_base_from_8v6_best,edge_restore,long,5m,597,783,266,517,33.971903,-0.899526,1.950138,2.802906,0.695755887,96.322781,True,official_mdd_pass,8V6 improvement from 8V6_P2_CORE_BASE_I088_hybrid_cover_hyb18; group=edge_restore; tag=er42; focus=restore V51 firing density while keeping 8V6 safety as conditional brake
8V7_AB_BEST_200_FROM_8V6_CANDIDATE,8V7_AB_BEST_I020_edge_restore_er20,8V6_P2_CORE_BASE_I088_hybrid_cover_hyb18,core_base_from_8v6_best,edge_restore,long,5m,597,138,49,89,35.507246,-0.27804,0.622069,0.894545,0.695403193,98.829902,True,official_mdd_pass,8V6 improvement from 8V6_P2_CORE_BASE_I088_hybrid_cover_hyb18; group=edge_restore; tag=er20; focus=restore V51 firing density while keeping 8V6 safety as conditional brake
8V7_AB_BEST_200_FROM_8V6_CANDIDATE,8V7_AB_BEST_I170_adaptive_exit_aex30,8V6_P2_CORE_BASE_I088_hybrid_cover_hyb18,core_base_from_8v6_best,adaptive_exit,long,5m,597,584,201,383,34.417808,-0.856539,2.256057,3.268473,0.690248145,95.902984,True,official_mdd_pass,8V6 improvement from 8V6_P2_CORE_BASE_I088_hybrid_cover_hyb18; group=adaptive_exit; tag=aex30; focus=adaptive exit/hold/stop repair with minimal additional entry filtering
8V7_AB_BEST_200_FROM_8V6_CANDIDATE,8V7_AB_BEST_I165_adaptive_exit_aex25,8V6_P2_CORE_BASE_I088_hybrid_cover_hyb18,core_base_from_8v6_best,adaptive_exit,long,5m,597,1146,424,722,36.998255,-1.611521,3.097209,4.599215,0.67342123,93.863381,True,official_mdd_pass,8V6 improvement from 8V6_P2_CORE_BASE_I088_hybrid_cover_hyb18; group=adaptive_exit; tag=aex25; focus=adaptive exit/hold/stop repair with minimal additional entry filtering
8V7_AB_BEST_200_FROM_8V6_CANDIDATE,8V7_AB_BEST_I186_soft_safe_mix_ssm06,8V6_P2_CORE_BASE_I088_hybrid_cover_hyb18,core_base_from_8v6_best,soft_safe_mix,long,5m,597,721,237,484,32.871012,-0.783332,1.521974,2.270745,0.670252959,96.96371,True,official_mdd_pass,"8V6 improvement from 8V6_P2_CORE_BASE_I088_hybrid_cover_hyb18; group=soft_safe_mix; tag=ssm06; focus=mix strict lowanchor shocklow as conditional safety, not full entry starvation"
8V7_AB_BEST_200_FROM_8V6_CANDIDATE,8V7_AB_BEST_I179_adaptive_exit_aex39,8V6_P2_CORE_BASE_I088_hybrid_cover_hyb18,core_base_from_8v6_best,adaptive_exit,long,5m,597,522,166,356,31.800766,-0.888676,1.762477,2.657944,0.663097782,96.477,True,official_mdd_pass,8V6 improvement from 8V6_P2_CORE_BASE_I088_hybrid_cover_hyb18; group=adaptive_exit; tag=aex39; focus=adaptive exit/hold/stop repair with minimal additional entry filtering
8V7_AB_BEST_200_FROM_8V6_CANDIDATE,8V7_AB_BEST_I103_volshock_brake_vsb03,8V6_P2_CORE_BASE_I088_hybrid_cover_hyb18,core_base_from_8v6_best,volshock_brake,long,5m,597,158,53,105,33.544304,-0.284706,0.773367,1.214416,0.636822169,98.504335,True,official_mdd_pass,8V6 improvement from 8V6_P2_CORE_BASE_I088_hybrid_cover_hyb18; group=volshock_brake; tag=vsb03; focus=avoid only the short window after adverse volatility shock
8V7_AB_BEST_200_FROM_8V6_CANDIDATE,8V7_AB_BEST_I041_edge_restore_er41,8V6_P2_CORE_BASE_I088_hybrid_cover_hyb18,core_base_from_8v6_best,edge_restore,long,5m,597,786,252,534,32.061069,-1.215487,1.960605,3.115019,0.629403944,95.707357,True,official_mdd_pass,8V6 improvement from 8V6_P2_CORE_BASE_I088_hybrid_cover_hyb18; group=edge_restore; tag=er41; focus=restore V51 firing density while keeping 8V6 safety as conditional brake
8V7_AB_BEST_200_FROM_8V6_CANDIDATE,8V7_AB_BEST_I178_adaptive_exit_aex38,8V6_P2_CORE_BASE_I088_hybrid_cover_hyb18,core_base_from_8v6_best,adaptive_exit,long,5m,597,810,211,599,26.049383,-1.331822,2.117904,3.378179,0.62693646,95.33499,True,official_mdd_pass,8V6 improvement from 8V6_P2_CORE_BASE_I088_hybrid_cover_hyb18; group=adaptive_exit; tag=aex38; focus=adaptive exit/hold/stop repair with minimal additional entry filtering
8V7_AB_BEST_200_FROM_8V6_CANDIDATE,8V7_AB_BEST_I136_volshock_brake_vsb36,8V6_P2_CORE_BASE_I088_hybrid_cover_hyb18,core_base_from_8v6_best,volshock_brake,long,5m,597,549,170,379,30.965392,-0.678508,1.162463,1.870779,0.621379438,97.463406,True,official_mdd_pass,8V6 improvement from 8V6_P2_CORE_BASE_I088_hybrid_cover_hyb18; group=volshock_brake; tag=vsb36; focus=avoid only the short window after adverse volatility shock
8V7_AB_BEST_200_FROM_8V6_CANDIDATE,8V7_AB_BEST_I006_edge_restore_er06,8V6_P2_CORE_BASE_I088_hybrid_cover_hyb18,core_base_from_8v6_best,edge_restore,long,5m,597,155,48,107,30.967742,-0.291413,0.489321,0.801425,0.610564305,98.909498,True,official_mdd_pass,8V6 improvement from 8V6_P2_CORE_BASE_I088_hybrid_cover_hyb18; group=edge_restore; tag=er06; focus=restore V51 firing density while keeping 8V6 safety as conditional brake
8V7_AB_BEST_200_FROM_8V6_CANDIDATE,8V7_AB_BEST_I181_soft_safe_mix_ssm01,8V6_P2_CORE_BASE_I088_hybrid_cover_hyb18,core_base_from_8v6_best,soft_safe_mix,long,5m,597,1076,389,687,36.152416,-1.31659,1.94873,3.202904,0.608426036,95.522675,True,official_mdd_pass,"8V6 improvement from 8V6_P2_CORE_BASE_I088_hybrid_cover_hyb18; group=soft_safe_mix; tag=ssm01; focus=mix strict lowanchor shocklow as conditional safety, not full entry starvation"
8V7_AB_BEST_200_FROM_8V6_CANDIDATE,8V7_AB_BEST_I150_adaptive_exit_aex10,8V6_P2_CORE_BASE_I088_hybrid_cover_hyb18,core_base_from_8v6_best,adaptive_exit,long,5m,597,622,245,377,39.389068,-1.291523,2.059164,3.456765,0.595691104,95.296357,True,official_mdd_pass,8V6 improvement from 8V6_P2_CORE_BASE_I088_hybrid_cover_hyb18; group=adaptive_exit; tag=aex10; focus=adaptive exit/hold/stop repair with minimal additional entry filtering
8V7_AB_BEST_200_FROM_8V6_CANDIDATE,8V7_AB_BEST_I081_post_loss_brake_plb31,8V6_P2_CORE_BASE_I088_hybrid_cover_hyb18,core_base_from_8v6_best,post_loss_brake,long,5m,597,1045,371,674,35.502392,-1.283169,1.673017,2.907542,0.575405814,95.846597,True,official_mdd_pass,8V6 improvement from 8V6_P2_CORE_BASE_I088_hybrid_cover_hyb18; group=post_loss_brake; tag=plb31; focus=post-loss and symbol-dd brake without permanent entry starvation
8V7_AB_BEST_200_FROM_8V6_CANDIDATE,8V7_AB_BEST_I116_volshock_brake_vsb16,8V6_P2_CORE_BASE_I088_hybrid_cover_hyb18,core_base_from_8v6_best,volshock_brake,long,5m,597,549,167,382,30.418944,-0.843022,1.113967,1.986331,0.560816547,97.187391,True,official_mdd_pass,8V6 improvement from 8V6_P2_CORE_BASE_I088_hybrid_cover_hyb18; group=volshock_brake; tag=vsb16; focus=avoid only the short window after adverse volatility shock
8V7_AB_BEST_200_FROM_8V6_CANDIDATE,8V7_AB_BEST_I009_edge_restore_er09,8V6_P2_CORE_BASE_I088_hybrid_cover_hyb18,core_base_from_8v6_best,edge_restore,long,5m,597,68,26,42,38.235294,-0.068633,0.234048,0.422555,0.55388706,99.509102,True,official_mdd_pass,8V6 improvement from 8V6_P2_CORE_BASE_I088_hybrid_cover_hyb18; group=edge_restore; tag=er09; focus=restore V51 firing density while keeping 8V6 safety as conditional brake
8V7_AB_BEST_200_FROM_8V6_CANDIDATE,8V7_AB_BEST_I071_post_loss_brake_plb21,8V6_P2_CORE_BASE_I088_hybrid_cover_hyb18,core_base_from_8v6_best,post_loss_brake,long,5m,597,498,160,338,32.128514,-0.980035,1.128995,2.108592,0.535425944,96.932037,True,official_mdd_pass,8V6 improvement from 8V6_P2_CORE_BASE_I088_hybrid_cover_hyb18; group=post_loss_brake; tag=plb21; focus=post-loss and symbol-dd brake without permanent entry starvation
8V7_AB_BEST_200_FROM_8V6_CANDIDATE,8V7_AB_BEST_I096_post_loss_brake_plb46,8V6_P2_CORE_BASE_I088_hybrid_cover_hyb18,core_base_from_8v6_best,post_loss_brake,long,5m,597,510,149,361,29.215686,-1.12523,1.247732,2.346771,0.531680209,96.554405,True,official_mdd_pass,8V6 improvement from 8V6_P2_CORE_BASE_I088_hybrid_cover_hyb18; group=post_loss_brake; tag=plb46; focus=post-loss and symbol-dd brake without permanent entry starvation
8V7_AB_BEST_200_FROM_8V6_CANDIDATE,8V7_AB_BEST_I169_adaptive_exit_aex29,8V6_P2_CORE_BASE_I088_hybrid_cover_hyb18,core_base_from_8v6_best,adaptive_exit,long,5m,597,683,223,460,32.650073,-1.667158,1.925738,3.649517,0.527669266,94.744168,True,official_mdd_pass,8V6 improvement from 8V6_P2_CORE_BASE_I088_hybrid_cover_hyb18; group=adaptive_exit; tag=aex29; focus=adaptive exit/hold/stop repair with minimal additional entry filtering
8V7_AB_BEST_200_FROM_8V6_CANDIDATE,8V7_AB_BEST_I199_soft_safe_mix_ssm19,8V6_P2_CORE_BASE_I088_hybrid_cover_hyb18,core_base_from_8v6_best,soft_safe_mix,long,5m,597,24,10,14,41.666667,0.071444,0.071444,0.141485,0.50496,99.929858,True,official_mdd_pass,"8V6 improvement from 8V6_P2_CORE_BASE_I088_hybrid_cover_hyb18; group=soft_safe_mix; tag=ssm19; focus=mix strict lowanchor shocklow as conditional safety, not full entry starvation"
8V7_AB_BEST_200_FROM_8V6_CANDIDATE,8V7_AB_BEST_I177_adaptive_exit_aex37,8V6_P2_CORE_BASE_I088_hybrid_cover_hyb18,core_base_from_8v6_best,adaptive_exit,long,5m,597,927,229,698,24.703344,-2.012296,1.949839,3.886357,0.501713755,94.179553,True,official_mdd_pass,8V6 improvement from 8V6_P2_CORE_BASE_I088_hybrid_cover_hyb18; group=adaptive_exit; tag=aex37; focus=adaptive exit/hold/stop repair with minimal additional entry filtering
8V7_AB_BEST_200_FROM_8V6_CANDIDATE,8V7_AB_BEST_I017_edge_restore_er17,8V6_P2_CORE_BASE_I088_hybrid_cover_hyb18,core_base_from_8v6_best,edge_restore,long,5m,597,182,61,121,33.516484,-0.296858,0.337745,0.698909,0.483246563,99.006308,True,official_mdd_pass,8V6 improvement from 8V6_P2_CORE_BASE_I088_hybrid_cover_hyb18; group=edge_restore; tag=er17; focus=restore V51 firing density while keeping 8V6 safety as conditional brake
8V7_AB_BEST_200_FROM_8V6_CANDIDATE,8V7_AB_BEST_I131_volshock_brake_vsb31,8V6_P2_CORE_BASE_I088_hybrid_cover_hyb18,core_base_from_8v6_best,volshock_brake,long,5m,597,574,186,388,32.404181,-1.336446,0.944807,2.259901,0.418074671,96.433856,True,official_mdd_pass,8V6 improvement from 8V6_P2_CORE_BASE_I088_hybrid_cover_hyb18; group=volshock_brake; tag=vsb31; focus=avoid only the short window after adverse volatility shock
8V7_AB_BEST_200_FROM_8V6_CANDIDATE,8V7_AB_BEST_I111_volshock_brake_vsb11,8V6_P2_CORE_BASE_I088_hybrid_cover_hyb18,core_base_from_8v6_best,volshock_brake,long,5m,597,586,178,408,30.375427,-1.393881,0.978568,2.349459,0.416508009,96.289409,True,official_mdd_pass,8V6 improvement from 8V6_P2_CORE_BASE_I088_hybrid_cover_hyb18; group=volshock_brake; tag=vsb11; focus=avoid only the short window after adverse volatility shock
8V7_AB_BEST_200_FROM_8V6_CANDIDATE,8V7_AB_BEST_I149_adaptive_exit_aex09,8V6_P2_CORE_BASE_I088_hybrid_cover_hyb18,core_base_from_8v6_best,adaptive_exit,long,5m,597,761,264,497,34.691196,-2.537057,1.725994,4.298431,0.401540447,93.273566,True,official_mdd_pass,8V6 improvement from 8V6_P2_CORE_BASE_I088_hybrid_cover_hyb18; group=adaptive_exit; tag=aex09; focus=adaptive exit/hold/stop repair with minimal additional entry filtering
8V7_AB_BEST_200_FROM_8V6_CANDIDATE,8V7_AB_BEST_I019_edge_restore_er19,8V6_P2_CORE_BASE_I088_hybrid_cover_hyb18,core_base_from_8v6_best,edge_restore,long,5m,597,128,40,88,31.25,-0.502716,0.328594,0.832902,0.39451668,98.66857,True,official_mdd_pass,8V6 improvement from 8V6_P2_CORE_BASE_I088_hybrid_cover_hyb18; group=edge_restore; tag=er19; focus=restore V51 firing density while keeping 8V6 safety as conditional brake
8V7_AB_BEST_200_FROM_8V6_CANDIDATE,8V7_AB_BEST_I168_adaptive_exit_aex28,8V6_P2_CORE_BASE_I088_hybrid_cover_hyb18,core_base_from_8v6_best,adaptive_exit,long,5m,597,1111,313,798,28.172817,-3.10473,1.828129,4.844299,0.377377479,92.201373,True,official_mdd_pass,8V6 improvement from 8V6_P2_CORE_BASE_I088_hybrid_cover_hyb18; group=adaptive_exit; tag=aex28; focus=adaptive exit/hold/stop repair with minimal additional entry filtering
8V7_AB_BEST_200_FROM_8V6_CANDIDATE,8V7_AB_BEST_I126_volshock_brake_vsb26,8V6_P2_CORE_BASE_I088_hybrid_cover_hyb18,core_base_from_8v6_best,volshock_brake,long,5m,597,877,248,629,28.278221,-2.015144,0.907381,2.896245,0.313295584,95.146975,True,official_mdd_pass,8V6 improvement from 8V6_P2_CORE_BASE_I088_hybrid_cover_hyb18; group=volshock_brake; tag=vsb26; focus=avoid only the short window after adverse volatility shock
8V7_AB_BEST_200_FROM_8V6_CANDIDATE,8V7_AB_BEST_I106_volshock_brake_vsb06,8V6_P2_CORE_BASE_I088_hybrid_cover_hyb18,core_base_from_8v6_best,volshock_brake,long,5m,597,909,257,652,28.272827,-2.476157,0.858542,3.306312,0.259667451,94.299401,True,official_mdd_pass,8V6 improvement from 8V6_P2_CORE_BASE_I088_hybrid_cover_hyb18; group=volshock_brake; tag=vsb06; focus=avoid only the short window after adverse volatility shock
8V7_AB_BEST_200_FROM_8V6_CANDIDATE,8V7_AB_BEST_I101_volshock_brake_vsb01,8V6_P2_CORE_BASE_I088_hybrid_cover_hyb18,core_base_from_8v6_best,volshock_brake,long,5m,597,1055,328,727,31.090047,-3.579917,0.964469,4.500976,0.21427998,92.080238,True,official_mdd_pass,8V6 improvement from 8V6_P2_CORE_BASE_I088_hybrid_cover_hyb18; group=volshock_brake; tag=vsb01; focus=avoid only the short window after adverse volatility shock
8V7_AB_BEST_200_FROM_8V6_CANDIDATE,8V7_AB_BEST_I121_volshock_brake_vsb21,8V6_P2_CORE_BASE_I088_hybrid_cover_hyb18,core_base_from_8v6_best,volshock_brake,long,5m,597,800,243,557,30.375,-2.875307,0.725423,3.574798,0.202927122,93.652682,True,official_mdd_pass,8V6 improvement from 8V6_P2_CORE_BASE_I088_hybrid_cover_hyb18; group=volshock_brake; tag=vsb21; focus=avoid only the short window after adverse volatility shock
8V7_AB_BEST_200_FROM_8V6_CANDIDATE,8V7_AB_BEST_I184_soft_safe_mix_ssm04,8V6_P2_CORE_BASE_I088_hybrid_cover_hyb18,core_base_from_8v6_best,soft_safe_mix,long,5m,597,44,15,29,34.090909,-0.031565,0.036942,0.251794,0.146715252,99.716721,True,official_mdd_pass,"8V6 improvement from 8V6_P2_CORE_BASE_I088_hybrid_cover_hyb18; group=soft_safe_mix; tag=ssm04; focus=mix strict lowanchor shocklow as conditional safety, not full entry starvation"
8V7_AB_BEST_200_FROM_8V6_CANDIDATE,8V7_AB_BEST_I024_edge_restore_er24,8V6_P2_CORE_BASE_I088_hybrid_cover_hyb18,core_base_from_8v6_best,edge_restore,long,5m,597,1535,617,918,40.19544,2.624716,8.37555,5.306394,1.57838823,97.179044,False,mdd_fail,8V6 improvement from 8V6_P2_CORE_BASE_I088_hybrid_cover_hyb18; group=edge_restore; tag=er24; focus=restore V51 firing density while keeping 8V6 safety as conditional brake
8V7_AB_BEST_200_FROM_8V6_CANDIDATE,8V7_AB_BEST_I172_adaptive_exit_aex32,8V6_P2_CORE_BASE_I088_hybrid_cover_hyb18,core_base_from_8v6_best,adaptive_exit,long,5m,597,2857,1250,1607,43.752188,2.446617,7.982457,5.436753,1.46823971,96.876847,False,mdd_fail,8V6 improvement from 8V6_P2_CORE_BASE_I088_hybrid_cover_hyb18; group=adaptive_exit; tag=aex32; focus=adaptive exit/hold/stop repair with minimal additional entry filtering
8V7_AB_BEST_200_FROM_8V6_CANDIDATE,8V7_AB_BEST_I004_edge_restore_er04,8V6_P2_CORE_BASE_I088_hybrid_cover_hyb18,core_base_from_8v6_best,edge_restore,long,5m,597,1842,718,1124,38.97937,2.310909,9.266843,6.366007,1.455676071,95.79779,False,mdd_fail,8V6 improvement from 8V6_P2_CORE_BASE_I088_hybrid_cover_hyb18; group=edge_restore; tag=er04; focus=restore V51 firing density while keeping 8V6 safety as conditional brake
8V7_AB_BEST_200_FROM_8V6_CANDIDATE,8V7_AB_BEST_I023_edge_restore_er23,8V6_P2_CORE_BASE_I088_hybrid_cover_hyb18,core_base_from_8v6_best,edge_restore,long,5m,597,1660,624,1036,37.590361,1.914459,7.789752,5.450697,1.4291294,96.35941,False,mdd_fail,8V6 improvement from 8V6_P2_CORE_BASE_I088_hybrid_cover_hyb18; group=edge_restore; tag=er23; focus=restore V51 firing density while keeping 8V6 safety as conditional brake
8V7_AB_BEST_200_FROM_8V6_CANDIDATE,8V7_AB_BEST_I142_adaptive_exit_aex02,8V6_P2_CORE_BASE_I088_hybrid_cover_hyb18,core_base_from_8v6_best,adaptive_exit,long,5m,597,3442,1429,2013,41.51656,1.690065,8.795073,6.863135,1.281494914,94.710938,False,mdd_fail,8V6 improvement from 8V6_P2_CORE_BASE_I088_hybrid_cover_hyb18; group=adaptive_exit; tag=aex02; focus=adaptive exit/hold/stop repair with minimal additional entry filtering
8V7_AB_BEST_200_FROM_8V6_CANDIDATE,8V7_AB_BEST_I077_post_loss_brake_plb27,8V6_P2_CORE_BASE_I088_hybrid_cover_hyb18,core_base_from_8v6_best,post_loss_brake,long,5m,597,1777,641,1136,36.072032,1.21113,7.668341,5.997316,1.278628755,95.141178,False,mdd_fail,8V6 improvement from 8V6_P2_CORE_BASE_I088_hybrid_cover_hyb18; group=post_loss_brake; tag=plb27; focus=post-loss and symbol-dd brake without permanent entry starvation
8V7_AB_BEST_200_FROM_8V6_CANDIDATE,8V7_AB_BEST_I053_post_loss_brake_plb03,8V6_P2_CORE_BASE_I088_hybrid_cover_hyb18,core_base_from_8v6_best,post_loss_brake,long,5m,597,2149,858,1291,39.925547,0.991571,8.456955,6.886922,1.227973167,94.036361,False,mdd_fail,8V6 improvement from 8V6_P2_CORE_BASE_I088_hybrid_cover_hyb18; group=post_loss_brake; tag=plb03; focus=post-loss and symbol-dd brake without permanent entry starvation
8V7_AB_BEST_200_FROM_8V6_CANDIDATE,8V7_AB_BEST_I003_edge_restore_er03,8V6_P2_CORE_BASE_I088_hybrid_cover_hyb18,core_base_from_8v6_best,edge_restore,long,5m,597,2080,766,1314,36.826923,0.735694,8.433693,7.099268,1.187966506,93.584197,False,mdd_fail,8V6 improvement from 8V6_P2_CORE_BASE_I088_hybrid_cover_hyb18; group=edge_restore; tag=er03; focus=restore V51 firing density while keeping 8V6 safety as conditional brake
8V7_AB_BEST_200_FROM_8V6_CANDIDATE,8V7_AB_BEST_I054_post_loss_brake_plb04,8V6_P2_CORE_BASE_I088_hybrid_cover_hyb18,core_base_from_8v6_best,post_loss_brake,long,5m,597,1929,787,1142,40.798341,0.584682,8.210187,7.046939,1.165071464,93.496541,False,mdd_fail,8V6 improvement from 8V6_P2_CORE_BASE_I088_hybrid_cover_hyb18; group=post_loss_brake; tag=plb04; focus=post-loss and symbol-dd brake without permanent entry starvation
8V7_AB_BEST_200_FROM_8V6_CANDIDATE,8V7_AB_BEST_I141_adaptive_exit_aex01,8V6_P2_CORE_BASE_I088_hybrid_cover_hyb18,core_base_from_8v6_best,adaptive_exit,long,5m,597,3303,1354,1949,40.993037,0.749791,7.211691,6.22928,1.157708541,94.473805,False,mdd_fail,8V6 improvement from 8V6_P2_CORE_BASE_I088_hybrid_cover_hyb18; group=adaptive_exit; tag=aex01; focus=adaptive exit/hold/stop repair with minimal additional entry filtering
8V7_AB_BEST_200_FROM_8V6_CANDIDATE,8V7_AB_BEST_I182_soft_safe_mix_ssm02,8V6_P2_CORE_BASE_I088_hybrid_cover_hyb18,core_base_from_8v6_best,soft_safe_mix,long,5m,597,1903,759,1144,39.884393,0.59544,7.37714,6.430473,1.147215723,94.126677,False,mdd_fail,"8V6 improvement from 8V6_P2_CORE_BASE_I088_hybrid_cover_hyb18; group=soft_safe_mix; tag=ssm02; focus=mix strict lowanchor shocklow as conditional safety, not full entry starvation"
8V7_AB_BEST_200_FROM_8V6_CANDIDATE,8V7_AB_BEST_I062_post_loss_brake_plb12,8V6_P2_CORE_BASE_I088_hybrid_cover_hyb18,core_base_from_8v6_best,post_loss_brake,long,5m,597,1692,647,1045,38.238771,0.488661,6.297362,5.514651,1.141932972,94.947062,False,mdd_fail,8V6 improvement from 8V6_P2_CORE_BASE_I088_hybrid_cover_hyb18; group=post_loss_brake; tag=plb12; focus=post-loss and symbol-dd brake without permanent entry starvation
8V7_AB_BEST_200_FROM_8V6_CANDIDATE,8V7_AB_BEST_I022_edge_restore_er22,8V6_P2_CORE_BASE_I088_hybrid_cover_hyb18,core_base_from_8v6_best,edge_restore,long,5m,597,2199,809,1390,36.78945,0.166172,5.725044,5.333275,1.073457326,94.824035,False,mdd_fail,8V6 improvement from 8V6_P2_CORE_BASE_I088_hybrid_cover_hyb18; group=edge_restore; tag=er22; focus=restore V51 firing density while keeping 8V6 safety as conditional brake
8V7_AB_BEST_200_FROM_8V6_CANDIDATE,8V7_AB_BEST_I052_post_loss_brake_plb02,8V6_P2_CORE_BASE_I088_hybrid_cover_hyb18,core_base_from_8v6_best,post_loss_brake,long,5m,597,2343,896,1447,38.241571,-0.561421,7.474622,7.477154,0.999661331,92.003403,False,mdd_fail,8V6 improvement from 8V6_P2_CORE_BASE_I088_hybrid_cover_hyb18; group=post_loss_brake; tag=plb02; focus=post-loss and symbol-dd brake without permanent entry starvation
8V7_AB_BEST_200_FROM_8V6_CANDIDATE,8V7_AB_BEST_I086_post_loss_brake_plb36,8V6_P2_CORE_BASE_I088_hybrid_cover_hyb18,core_base_from_8v6_best,post_loss_brake,long,5m,597,1737,605,1132,34.830167,-0.477965,6.175726,6.266678,0.985486403,93.28531,False,mdd_fail,8V6 improvement from 8V6_P2_CORE_BASE_I088_hybrid_cover_hyb18; group=post_loss_brake; tag=plb36; focus=post-loss and symbol-dd brake without permanent entry starvation
8V7_AB_BEST_200_FROM_8V6_CANDIDATE,8V7_AB_BEST_I002_edge_restore_er02,8V6_P2_CORE_BASE_I088_hybrid_cover_hyb18,core_base_from_8v6_best,edge_restore,long,5m,597,2690,989,1701,36.765799,-0.69279,6.01448,6.326749,0.950643114,93.024293,False,mdd_fail,8V6 improvement from 8V6_P2_CORE_BASE_I088_hybrid_cover_hyb18; group=edge_restore; tag=er02; focus=restore V51 firing density while keeping 8V6 safety as conditional brake
8V7_AB_BEST_200_FROM_8V6_CANDIDATE,8V7_AB_BEST_I076_post_loss_brake_plb26,8V6_P2_CORE_BASE_I088_hybrid_cover_hyb18,core_base_from_8v6_best,post_loss_brake,long,5m,597,2084,698,1386,33.493282,-0.786807,6.249741,6.62265,0.943691951,92.642651,False,mdd_fail,8V6 improvement from 8V6_P2_CORE_BASE_I088_hybrid_cover_hyb18; group=post_loss_brake; tag=plb26; focus=post-loss and symbol-dd brake without permanent entry starvation
8V7_AB_BEST_200_FROM_8V6_CANDIDATE,8V7_AB_BEST_I026_edge_restore_er26,8V6_P2_CORE_BASE_I088_hybrid_cover_hyb18,core_base_from_8v6_best,edge_restore,long,5m,597,1640,529,1111,32.256098,-0.645212,4.807707,5.202785,0.924064269,94.185573,False,mdd_fail,8V6 improvement from 8V6_P2_CORE_BASE_I088_hybrid_cover_hyb18; group=edge_restore; tag=er26; focus=restore V51 firing density while keeping 8V6 safety as conditional brake
8V7_AB_BEST_200_FROM_8V6_CANDIDATE,8V7_AB_BEST_I046_edge_restore_er46,8V6_P2_CORE_BASE_I088_hybrid_cover_hyb18,core_base_from_8v6_best,edge_restore,long,5m,597,1639,504,1135,30.750458,-1.175888,4.806101,5.707673,0.842042131,93.183555,False,mdd_fail,8V6 improvement from 8V6_P2_CORE_BASE_I088_hybrid_cover_hyb18; group=edge_restore; tag=er46; focus=restore V51 firing density while keeping 8V6 safety as conditional brake
8V7_AB_BEST_200_FROM_8V6_CANDIDATE,8V7_AB_BEST_I152_adaptive_exit_aex12,8V6_P2_CORE_BASE_I088_hybrid_cover_hyb18,core_base_from_8v6_best,adaptive_exit,long,5m,597,2487,986,1501,39.64616,-1.471469,4.830561,6.011634,0.803535451,92.605357,False,mdd_fail,8V6 improvement from 8V6_P2_CORE_BASE_I088_hybrid_cover_hyb18; group=adaptive_exit; tag=aex12; focus=adaptive exit/hold/stop repair with minimal additional entry filtering
8V7_AB_BEST_200_FROM_8V6_CANDIDATE,8V7_AB_BEST_I061_post_loss_brake_plb11,8V6_P2_CORE_BASE_I088_hybrid_cover_hyb18,core_base_from_8v6_best,post_loss_brake,long,5m,597,1877,670,1207,35.695258,-1.398837,4.957849,6.278765,0.789621681,92.410227,False,mdd_fail,8V6 improvement from 8V6_P2_CORE_BASE_I088_hybrid_cover_hyb18; group=post_loss_brake; tag=plb11; focus=post-loss and symbol-dd brake without permanent entry starvation
8V7_AB_BEST_200_FROM_8V6_CANDIDATE,8V7_AB_BEST_I021_edge_restore_er21,8V6_P2_CORE_BASE_I088_hybrid_cover_hyb18,core_base_from_8v6_best,edge_restore,long,5m,597,2426,820,1606,33.800495,-2.119824,5.59332,7.304575,0.765728276,90.730445,False,mdd_fail,8V6 improvement from 8V6_P2_CORE_BASE_I088_hybrid_cover_hyb18; group=edge_restore; tag=er21; focus=restore V51 firing density while keeping 8V6 safety as conditional brake
8V7_AB_BEST_200_FROM_8V6_CANDIDATE,8V7_AB_BEST_I051_post_loss_brake_plb01,8V6_P2_CORE_BASE_I088_hybrid_cover_hyb18,core_base_from_8v6_best,post_loss_brake,long,5m,597,2530,927,1603,36.640316,-2.382774,6.15263,8.057066,0.76363155,89.752141,False,mdd_fail,8V6 improvement from 8V6_P2_CORE_BASE_I088_hybrid_cover_hyb18; group=post_loss_brake; tag=plb01; focus=post-loss and symbol-dd brake without permanent entry starvation
8V7_AB_BEST_200_FROM_8V6_CANDIDATE,8V7_AB_BEST_I001_edge_restore_er01,8V6_P2_CORE_BASE_I088_hybrid_cover_hyb18,core_base_from_8v6_best,edge_restore,long,5m,597,2907,993,1914,34.158927,-3.522271,5.338763,8.41194,0.634664871,88.362081,False,mdd_fail,8V6 improvement from 8V6_P2_CORE_BASE_I088_hybrid_cover_hyb18; group=edge_restore; tag=er01; focus=restore V51 firing density while keeping 8V6 safety as conditional brake
8V7_AB_BEST_200_FROM_8V6_CANDIDATE,8V7_AB_BEST_I151_adaptive_exit_aex11,8V6_P2_CORE_BASE_I088_hybrid_cover_hyb18,core_base_from_8v6_best,adaptive_exit,long,5m,597,2448,933,1515,38.112745,-2.496851,3.600071,5.951572,0.604894186,91.700179,False,mdd_fail,8V6 improvement from 8V6_P2_CORE_BASE_I088_hybrid_cover_hyb18; group=adaptive_exit; tag=aex11; focus=adaptive exit/hold/stop repair with minimal additional entry filtering
8V7_AB_BEST_200_FROM_8V6_CANDIDATE,8V7_AB_BEST_I145_adaptive_exit_aex05,8V6_P2_CORE_BASE_I088_hybrid_cover_hyb18,core_base_from_8v6_best,adaptive_exit,long,5m,597,1473,585,888,39.714868,-3.265181,2.802529,5.928018,0.472759867,91.000362,False,mdd_fail,8V6 improvement from 8V6_P2_CORE_BASE_I088_hybrid_cover_hyb18; group=adaptive_exit; tag=aex05; focus=adaptive exit/hold/stop repair with minimal additional entry filtering
8V7_AB_BEST_200_FROM_8V6_CANDIDATE,8V7_AB_BEST_I162_adaptive_exit_aex22,8V6_P2_CORE_BASE_I088_hybrid_cover_hyb18,core_base_from_8v6_best,adaptive_exit,long,5m,597,2691,1287,1404,47.826087,-5.963275,2.554782,8.30586,0.307587871,86.226166,False,mdd_fail,8V6 improvement from 8V6_P2_CORE_BASE_I088_hybrid_cover_hyb18; group=adaptive_exit; tag=aex22; focus=adaptive exit/hold/stop repair with minimal additional entry filtering
8V7_AB_BEST_200_FROM_8V6_CANDIDATE,8V7_AB_BEST_I148_adaptive_exit_aex08,8V6_P2_CORE_BASE_I088_hybrid_cover_hyb18,core_base_from_8v6_best,adaptive_exit,long,5m,597,1231,450,781,36.555646,-3.767818,1.630332,5.311554,0.306940669,91.120757,False,mdd_fail,8V6 improvement from 8V6_P2_CORE_BASE_I088_hybrid_cover_hyb18; group=adaptive_exit; tag=aex08; focus=adaptive exit/hold/stop repair with minimal additional entry filtering
8V7_AB_BEST_200_FROM_8V6_CANDIDATE,8V7_AB_BEST_I167_adaptive_exit_aex27,8V6_P2_CORE_BASE_I088_hybrid_cover_hyb18,core_base_from_8v6_best,adaptive_exit,long,5m,597,1418,454,964,32.016925,-4.774493,1.365624,6.057396,0.22544742,89.45732,False,mdd_fail,8V6 improvement from 8V6_P2_CORE_BASE_I088_hybrid_cover_hyb18; group=adaptive_exit; tag=aex27; focus=adaptive exit/hold/stop repair with minimal additional entry filtering
8V7_AB_BEST_200_FROM_8V6_CANDIDATE,8V7_AB_BEST_I147_adaptive_exit_aex07,8V6_P2_CORE_BASE_I088_hybrid_cover_hyb18,core_base_from_8v6_best,adaptive_exit,long,5m,597,1431,486,945,33.962264,-4.978932,1.287424,6.186707,0.208095137,89.142393,False,mdd_fail,8V6 improvement from 8V6_P2_CORE_BASE_I088_hybrid_cover_hyb18; group=adaptive_exit; tag=aex07; focus=adaptive exit/hold/stop repair with minimal additional entry filtering
8V7_AB_BEST_200_FROM_8V6_CANDIDATE,8V7_AB_BEST_I154_adaptive_exit_aex14,8V6_P2_CORE_BASE_I088_hybrid_cover_hyb18,core_base_from_8v6_best,adaptive_exit,long,5m,597,1443,292,1151,20.23562,-5.215063,1.057177,6.206624,0.170330357,88.901993,False,mdd_fail,8V6 improvement from 8V6_P2_CORE_BASE_I088_hybrid_cover_hyb18; group=adaptive_exit; tag=aex14; focus=adaptive exit/hold/stop repair with minimal additional entry filtering
8V7_AB_BEST_200_FROM_8V6_CANDIDATE,8V7_AB_BEST_I174_adaptive_exit_aex34,8V6_P2_CORE_BASE_I088_hybrid_cover_hyb18,core_base_from_8v6_best,adaptive_exit,long,5m,597,1688,350,1338,20.734597,-6.278076,1.09572,7.293876,0.15022465,86.885963,False,mdd_fail,8V6 improvement from 8V6_P2_CORE_BASE_I088_hybrid_cover_hyb18; group=adaptive_exit; tag=aex34; focus=adaptive exit/hold/stop repair with minimal additional entry filtering
8V7_AB_BEST_200_FROM_8V6_CANDIDATE,8V7_AB_BEST_I176_adaptive_exit_aex36,8V6_P2_CORE_BASE_I088_hybrid_cover_hyb18,core_base_from_8v6_best,adaptive_exit,long,5m,597,1638,338,1300,20.634921,-5.38668,0.856544,6.190202,0.138370995,88.756564,False,mdd_fail,8V6 improvement from 8V6_P2_CORE_BASE_I088_hybrid_cover_hyb18; group=adaptive_exit; tag=aex36; focus=adaptive exit/hold/stop repair with minimal additional entry filtering
8V7_AB_BEST_200_FROM_8V6_CANDIDATE,8V7_AB_BEST_I143_adaptive_exit_aex03,8V6_P2_CORE_BASE_I088_hybrid_cover_hyb18,core_base_from_8v6_best,adaptive_exit,long,5m,597,2358,293,2065,12.425785,-10.115172,1.130942,11.137413,0.101544442,79.873983,False,mdd_fail,8V6 improvement from 8V6_P2_CORE_BASE_I088_hybrid_cover_hyb18; group=adaptive_exit; tag=aex03; focus=adaptive exit/hold/stop repair with minimal additional entry filtering
8V7_AB_BEST_200_FROM_8V6_CANDIDATE,8V7_AB_BEST_I173_adaptive_exit_aex33,8V6_P2_CORE_BASE_I088_hybrid_cover_hyb18,core_base_from_8v6_best,adaptive_exit,long,5m,597,1809,238,1571,13.15644,-7.744917,0.860721,8.5322,0.100879163,84.383694,False,mdd_fail,8V6 improvement from 8V6_P2_CORE_BASE_I088_hybrid_cover_hyb18; group=adaptive_exit; tag=aex33; focus=adaptive exit/hold/stop repair with minimal additional entry filtering
8V7_AB_BEST_200_FROM_8V6_CANDIDATE,8V7_AB_BEST_I153_adaptive_exit_aex13,8V6_P2_CORE_BASE_I088_hybrid_cover_hyb18,core_base_from_8v6_best,adaptive_exit,long,5m,597,1535,276,1259,17.980456,-6.545428,0.68858,7.184536,0.095841904,86.740295,False,mdd_fail,8V6 improvement from 8V6_P2_CORE_BASE_I088_hybrid_cover_hyb18; group=adaptive_exit; tag=aex13; focus=adaptive exit/hold/stop repair with minimal additional entry filtering
8V7_AB_BEST_200_FROM_8V6_CANDIDATE,8V7_AB_BEST_I164_adaptive_exit_aex24,8V6_P2_CORE_BASE_I088_hybrid_cover_hyb18,core_base_from_8v6_best,adaptive_exit,long,5m,597,1856,600,1256,32.327586,-7.692866,0.539925,8.188578,0.0659363,84.748492,False,mdd_fail,8V6 improvement from 8V6_P2_CORE_BASE_I088_hybrid_cover_hyb18; group=adaptive_exit; tag=aex24; focus=adaptive exit/hold/stop repair with minimal additional entry filtering
8V7_AB_BEST_200_FROM_8V6_CANDIDATE,8V7_AB_BEST_I144_adaptive_exit_aex04,8V6_P2_CORE_BASE_I088_hybrid_cover_hyb18,core_base_from_8v6_best,adaptive_exit,long,5m,597,2310,840,1470,36.363636,-9.726411,0.496733,10.201742,0.048691042,81.064111,False,mdd_fail,8V6 improvement from 8V6_P2_CORE_BASE_I088_hybrid_cover_hyb18; group=adaptive_exit; tag=aex04; focus=adaptive exit/hold/stop repair with minimal additional entry filtering
8V7_AB_BEST_200_FROM_8V6_CANDIDATE,8V7_AB_BEST_I166_adaptive_exit_aex26,8V6_P2_CORE_BASE_I088_hybrid_cover_hyb18,core_base_from_8v6_best,adaptive_exit,long,5m,597,1965,500,1465,25.445293,-7.390913,0.303783,7.671392,0.039599443,85.504681,False,mdd_fail,8V6 improvement from 8V6_P2_CORE_BASE_I088_hybrid_cover_hyb18; group=adaptive_exit; tag=aex26; focus=adaptive exit/hold/stop repair with minimal additional entry filtering
8V7_AB_BEST_200_FROM_8V6_CANDIDATE,8V7_AB_BEST_I163_adaptive_exit_aex23,8V6_P2_CORE_BASE_I088_hybrid_cover_hyb18,core_base_from_8v6_best,adaptive_exit,long,5m,597,1902,629,1273,33.070452,-7.708728,0.154548,7.851142,0.019684754,85.045353,False,mdd_fail,8V6 improvement from 8V6_P2_CORE_BASE_I088_hybrid_cover_hyb18; group=adaptive_exit; tag=aex23; focus=adaptive exit/hold/stop repair with minimal additional entry filtering
8V7_AB_BEST_200_FROM_8V6_CANDIDATE,8V7_AB_BEST_I146_adaptive_exit_aex06,8V6_P2_CORE_BASE_I088_hybrid_cover_hyb18,core_base_from_8v6_best,adaptive_exit,long,5m,597,2066,566,1500,27.395934,-7.880706,0.152298,8.020788,0.018987896,84.730601,False,mdd_fail,8V6 improvement from 8V6_P2_CORE_BASE_I088_hybrid_cover_hyb18; group=adaptive_exit; tag=aex06; focus=adaptive exit/hold/stop repair with minimal additional entry filtering
8V7_AB_BEST_200_FROM_8V6_CANDIDATE,8V7_AB_BEST_I161_adaptive_exit_aex21,8V6_P2_CORE_BASE_I088_hybrid_cover_hyb18,core_base_from_8v6_best,adaptive_exit,long,5m,597,2806,1117,1689,39.807555,-9.135439,0.109609,9.234927,0.011869011,82.473285,False,mdd_fail,8V6 improvement from 8V6_P2_CORE_BASE_I088_hybrid_cover_hyb18; group=adaptive_exit; tag=aex21; focus=adaptive exit/hold/stop repair with minimal additional entry filtering
